Referencia,Residencia,Zona,Edad,Género,Tiendas,Hábitos,Compras,Cercanía,Calidad,Precio,Atención,Trato,Variedad,Originalidad,Puntuación,Texto
62d3bb37a5,CENTRO,CENTRO,19.0,No se indica,Alimentación,No,Las mismas que antes,10.0,8.0,5.0,9.0,8.0,8.0,7.0,8.0,"Suelen ser lugares donde se ofrecen buenos productos, algo más caros que en las grandes superficies, pero con mejor trato. Echo en falta la presencia de los mismos en Internet (páginas web, Google Maps, redes sociales...) aunque recientemente alguno de mi zona ya se ha animado a ello."
1d63634358,CENTRO,CENTRO,38.0,No se indica,Alimentación,Sí,Aumentado,9.0,9.0,8.0,8.0,9.0,8.0,6.0,8.0,"Creo que deberían hacer más alianzas conjuntas porque venderse de forma individual es muy complicado. También deberían actualizarse en cuanto a la digitalización: métodos de pago y promoción online (web, RRSS...), venta online, envíos a domicilio."
2c866b8427,EL LLANO,EL LLANO,33.0,No se indica,Regalos,No,Las mismas que antes,8.0,8.0,8.0,9.0,8.0,7.0,8.0,8.0,
89ff76acac,CENTRO,CENTRO,48.0,No se indica,Moda,Sí,Aumentado,8.0,9.0,7.0,9.0,9.0,6.0,3.0,9.0,Mayor originalidad y creatividad.
a966b2ba32,OESTE,CENTRO,51.0,No se indica,Moda,Sí,Aumentado,10.0,9.0,6.0,9.0,9.0,8.0,2.0,8.0,Falta desagregar los datos por sexo.
90fcf639eb,OESTE,CENTRO,48.0,No se indica,Ocio,Sí,Aumentado,7.0,7.0,7.0,6.0,9.0,6.0,7.0,7.0,
fd77c7a9d6,EL LLANO,CENTRO,50.0,No se indica,Moda,Sí,Las mismas que antes,10.0,10.0,5.0,10.0,10.0,5.0,8.0,8.0,Ofertas en redes sociales por horas...como la hora feliz.
be5f589b38,ESTE,CENTRO,52.0,No se indica,Moda,Sí,Aumentado,5.0,5.0,3.0,6.0,6.0,5.0,3.0,5.0,Creo que es necesaria una nueva reestructuración del pequeño comercio haciéndolo más accesible a la ciudadanía.
ccde9cd3a9,ESTE,CENTRO,31.0,No se indica,Ocio,Sí,Aumentado,10.0,10.0,10.0,10.0,10.0,10.0,10.0,10.0,El pequeño comercio de Gijón es uno de los factores que hace que sea tan única. Sería bueno que desde el Ayuntamiento les ofreciesen ayuda regulando los alquileres de locales y dando ayudas para que las subidas de facturas no les afecten tanto.
70d122a827,CENTRO,CENTRO,42.0,No se indica,Ocio,No,Disminuido,9.0,7.0,7.0,8.0,8.0,6.0,6.0,8.0,
f61ea99926,ESTE,ESTE,31.0,No se indica,Moda,No,Las mismas que antes,8.0,9.0,9.0,10.0,10.0,9.0,9.0,9.0,"Creo que los comerciantes dan todo de sí para mantener su negocio a flote y por consiguiente darle vida, luz y seguridad a la ciudad. Me gusta la inmediatez, la cercanía, la ayuda, las facilidades... Soy una férrea defensora y consumidora del pequeño comercio. Pero creo que por parte del Ayuntamiento están poniéndoles las cosas cada vez más difíciles por la dificultad a la que actualmente nos encontramos los ciudadanos para acceder a los barrios de la ciudad con el coche y poniendo cada vez más en bandeja de esta manera las compras en grandes superficies."
7b90fadb93,SUR,SUR,36.0,No se indica,Alimentación,No,Las mismas que antes,8.0,9.0,6.0,8.0,8.0,4.0,6.0,6.0,"Mejorar los aparcamientos por parte del Ayuntamiento, ya es muy complicado aparcar cerca de un comercio"
18358b8e32,EL LLANO,CENTRO,44.0,No se indica,Alimentación,Sí,Las mismas que antes,9.0,9.0,8.0,9.0,9.0,9.0,7.0,8.0,"Lo que más la atención personalizada. Lo que menos, la falta de originalidad o ""dejadez"" en sus tiendas. La falta de modernización tecnológica (redes sociales, etc de algunas tiendas)."
5a097ee35d,EL LLANO,EL LLANO,38.0,No se indica,Moda,No,Las mismas que antes,8.0,9.0,8.0,8.0,8.0,8.0,8.0,8.0,
3d4c624056,EL LLANO,EL LLANO,22.0,No se indica,Ocio,Sí,Disminuido,10.0,10.0,10.0,10.0,10.0,10.0,10.0,10.0,Lo que más me gusta es la atención personalizada y la cercanía con el cliente.
ecc2b4ab0a,SUR,SUR,30.0,No se indica,Moda,Sí,Aumentado,8.0,8.0,6.0,8.0,8.0,7.0,8.0,7.0,
6996ce1190,CENTRO,CENTRO,65.0,No se indica,Ocio,Sí,Disminuido,10.0,8.0,5.0,7.0,8.0,5.0,5.0,5.0,Informatizar stocks y tener una página global.
eb376335ee,OESTE,OESTE,47.0,No se indica,Alimentación,Sí,Aumentado,8.0,9.0,6.0,8.0,7.0,5.0,5.0,6.0,"Hace falta cooperación para hacer frente a compras conjuntas que mejoren precios, estocaje y originalidad de los productos. Del mismo modo, poder comprar online en una plataforma común sin gastos excesivos estaría bien."
7f518e0d4e,ESTE,ESTE,34.0,No se indica,Alimentación,No,Las mismas que antes,8.0,9.0,7.0,9.0,9.0,7.0,8.0,9.0,
8a958f18ae,OESTE,OESTE,33.0,No se indica,Hogar,Sí,Aumentado,7.0,8.0,8.0,9.0,8.0,7.0,6.0,8.0,
e0f6625545,CENTRO,CENTRO,58.0,No se indica,Alimentación,No,Las mismas que antes,6.0,6.0,4.0,5.0,5.0,6.0,5.0,5.0,
b87ef63a97,SUR,CENTRO,51.0,No se indica,Ocio,Sí,Disminuido,8.0,9.0,5.0,8.0,8.0,4.0,1.0,7.0,Lo que más me gusta es la cercanía y la inmediatez. Lo que menos me gusta son las dificultades para acceder al centro desde el perímetro. Comprar en el pequeño comercio.
5be78b1a51,ESTE,ESTE,49.0,No se indica,Hogar,No,Aumentado,7.0,8.0,8.0,10.0,9.0,6.0,6.0,8.0,"Ser una ventana a productos más allá de lo que tengan en la tienda, para aumentar la variedad en la oferta..."
8abf027e49,SUR,SUR,45.0,No se indica,Moda,No,Disminuido,8.0,9.0,7.0,10.0,8.0,8.0,8.0,8.0,Lo que más me gusta es el trato cercano y la proximidad. El problema que tiene el pequeño comercio es competir con los precios de las grandes superficies. Pues para apoyar el pequeño comercio una idea pueden ser campañas publicitarias bien dirigidas.
c6c89f6670,SUR,SUR,56.0,No se indica,Otros,Sí,Aumentado,8.0,9.0,8.0,10.0,8.0,9.0,10.0,8.0,"Bueno no tengo quejas. Tengo muchas cosas que compramos, sobre todo frutas, calzado y ropa, ferretería, todo cerca, buen trato. Muy agradecida. Y farmacia. Genial todo."
9ce4f48b82,SUR,ESTE,39.0,No se indica,Moda,Sí,Disminuido,2.0,9.0,9.0,7.0,9.0,8.0,8.0,9.0,"En el barrio de El Coto es imposible ir a los comercios, si no tienes más remedio que desplazarte en coche. No hay aparcamientos privados de pago para realizar las compras. Muchos se verán obligados a cerrar o salir fuera de la ciudad."
9968e4888d,OESTE,OESTE,45.0,No se indica,Alimentación,No,Las mismas que antes,10.0,8.0,8.0,10.0,10.0,7.0,8.0,9.0,
4ed46db79b,OESTE,OESTE,27.0,No se indica,Otros,No,Las mismas que antes,10.0,10.0,10.0,10.0,10.0,10.0,10.0,10.0,
70946d0594,OESTE,OESTE,40.0,No se indica,Alimentación,No,Las mismas que antes,10.0,10.0,8.0,10.0,10.0,8.0,10.0,9.0,Promocionarlo más desde la administración.
57a86ae2bf,OESTE,OESTE,41.0,No se indica,Hogar,Sí,Aumentado,8.0,9.0,7.0,10.0,9.0,8.0,8.0,9.0,
569303a65d,EL LLANO,CENTRO,42.0,No se indica,Ocio,Sí,Aumentado,8.0,7.0,7.0,7.0,7.0,4.0,2.0,5.0,
dcf994e65e,OESTE,OESTE,30.0,No se indica,Alimentación,Sí,Las mismas que antes,8.0,8.0,5.0,6.0,6.0,5.0,7.0,6.0,
38f022bfc1,OESTE,OESTE,24.0,No se indica,Tecnología,Sí,Aumentado,7.0,9.0,3.0,7.0,7.0,3.0,3.0,7.0,
2867948e3a,SUR,SUR,21.0,No se indica,Alimentación,Sí,Disminuido,10.0,8.0,5.0,6.0,10.0,10.0,10.0,10.0,
cacc78969c,OESTE,OESTE,56.0,No se indica,Moda,Sí,Las mismas que antes,8.0,9.0,9.0,10.0,10.0,8.0,8.0,8.0,
6a709170c8,OESTE,CENTRO,43.0,No se indica,Otros,No,Disminuido,5.0,9.0,6.0,7.0,7.0,8.0,4.0,8.0,
64f8063953,EL LLANO,CENTRO,46.0,No se indica,Alimentación,Sí,Aumentado,7.0,6.0,6.0,7.0,7.0,6.0,6.0,6.0,
4b6334d36c,CENTRO,CENTRO,22.0,No se indica,Hogar,Sí,Aumentado,8.0,10.0,7.0,9.0,9.0,10.0,6.0,8.0,
edbb47aa0e,CENTRO,CENTRO,52.0,No se indica,Ocio,No,Las mismas que antes,1.0,10.0,10.0,10.0,1.0,10.0,10.0,10.0,Promociones originales para competir con las grandes superficies.
195a5b1315,CENTRO,CENTRO,43.0,No se indica,Alimentación,Sí,Aumentado,8.0,9.0,7.0,9.0,9.0,9.0,8.0,8.0,
e743aa9b11,EL LLANO,EL LLANO,44.0,No se indica,Ocio,No,Las mismas que antes,8.0,7.0,5.0,7.0,6.0,6.0,6.0,8.0,
854382820,OESTE,OESTE,22.0,No se indica,Salud,No,Las mismas que antes,10.0,10.0,9.0,10.0,10.0,10.0,6.0,10.0,
1a825e9fde,RURAL,ESTE,36.0,No se indica,Alimentación,Sí,Disminuido,8.0,9.0,6.0,10.0,10.0,9.0,7.0,9.0,
0ae9787614,EL LLANO,CENTRO,51.0,No se indica,Alimentación,Sí,Disminuido,9.0,10.0,10.0,10.0,10.0,9.0,8.0,10.0,
515a781015,OESTE,OESTE,63.0,No se indica,Alimentación,Sí,Aumentado,10.0,8.0,10.0,10.0,8.0,6.0,7.0,10.0,
e46cd7f644,SUR,CENTRO,44.0,No se indica,Ocio,No,Las mismas que antes,7.0,7.0,7.0,9.0,8.0,8.0,8.0,8.0,
0c19488c01,OESTE,OESTE,47.0,No se indica,Alimentación,Sí,Disminuido,10.0,9.0,7.0,10.0,10.0,6.0,5.0,8.0,"Algunos, deberían utilizar más las tecnologías, redes sociales y herramientas digitales para tener más presencia en Internet. También facilitar las ventas online o la reserva online y hacer la competencia a las multinacionales y grandes superficies."
eefcf2f913,OESTE,OESTE,49.0,No se indica,Ocio,Sí,Aumentado,9.0,9.0,8.0,9.0,9.0,8.0,8.0,9.0,Campañas de apoyo.
861a1ad901,OESTE,OESTE,76.0,No se indica,Alimentación,No,Las mismas que antes,8.0,7.0,5.0,7.0,9.0,8.0,8.0,9.0,"Lo que menos me gusta es la diferencia de precio con los supermercados, que hace que a veces no compre en las pequeñas tiendas aunque me guste el producto. Pero es un problema difícil de arreglar."
84ecfb44e3,OESTE,OESTE,48.0,No se indica,Alimentación,Sí,Las mismas que antes,7.0,7.0,7.0,6.0,7.0,8.0,7.0,8.0,
3b483be65b,OESTE,OESTE,20.0,No se indica,Alimentación,No,Aumentado,10.0,6.0,7.0,4.0,8.0,9.0,5.0,8.0,
e58cf28e3f,OESTE,OESTE,20.0,No se indica,Alimentación,Sí,Disminuido,9.0,8.0,5.0,10.0,7.0,10.0,6.0,7.0,"Consumir más en ellos, no pedir tanto online o que se pongan ellos también en el mercado online."
5935b6b512,SUR,SUR,55.0,No se indica,Hogar,Sí,Aumentado,8.0,8.0,6.0,6.0,7.0,5.0,5.0,6.0,Facilidad de cambios con devolución del dinero.
9354029291,CENTRO,ESTE,48.0,No se indica,Alimentación,Sí,Aumentado,8.0,8.0,8.0,8.0,8.0,8.0,8.0,8.0,"Lo que más valoro es la atención personalizada, la cercanía y la calidad de sus productos. Los comerciantes deberían de dar más visibilidad a sus productos: Internet, escaparates atractivos, productos innovadores. Se debería fomentar el comercio de cercanía mediante sorteos, promociones, cestas de navidad."
fbdd4ca64b,ESTE,ESTE,49.0,No se indica,Alimentación,Sí,Aumentado,10.0,10.0,8.0,10.0,10.0,7.0,6.0,8.0,
bc52025b77,ESTE,CENTRO,48.0,No se indica,Alimentación,Sí,Disminuido,8.0,8.0,8.0,9.0,9.0,7.0,7.0,8.0,Lo que más me gusta es la posibilidad de adquirir un producto/servicio que esté cerca sin necesidad de desplazamientos. Una mayor oferta de productos/servicios. Hacer las compras de diario en el pequeño comercio.
1a5c4b4c48,EL LLANO,EL LLANO,52.0,No se indica,Alimentación,Sí,Aumentado,8.0,8.0,6.0,8.0,8.0,7.0,6.0,8.0,Me gusta la atención personalizada.
383613b6d5,ESTE,ESTE,52.0,No se indica,Salud,Sí,Las mismas que antes,6.0,8.0,7.0,6.0,5.0,7.0,5.0,6.0,
af1730824b,ESTE,CENTRO,39.0,No se indica,Moda,Sí,Las mismas que antes,9.0,9.0,9.0,9.0,9.0,9.0,9.0,9.0,
8061b703c0,EL LLANO,EL LLANO,47.0,No se indica,Ocio,Sí,Disminuido,9.0,9.0,8.0,10.0,10.0,8.0,9.0,9.0,
ca5941ded3,ESTE,ESTE,51.0,No se indica,Alimentación,Sí,Aumentado,8.0,7.0,6.0,7.0,7.0,6.0,7.0,7.0,
bfd760d8f1,ESTE,ESTE,39.0,No se indica,Moda,No,Las mismas que antes,10.0,10.0,10.0,10.0,10.0,9.0,6.0,8.0,Flexibilidad. Formas de pago digitales. Amplitud de horario.
b6cfc7607a,CENTRO,CENTRO,62.0,No se indica,Regalos,Sí,Disminuido,8.0,7.0,6.0,10.0,9.0,8.0,7.0,7.0,Qué hubiese mayor especialización en tiendas de ropa y de manualidades.
61fe1b0689,CENTRO,CENTRO,60.0,No se indica,Ocio,No,Aumentado,10.0,10.0,9.0,10.0,10.0,10.0,10.0,10.0,
6ee98352ca,SUR,SUR,27.0,No se indica,Alimentación,Sí,Aumentado,10.0,9.0,7.0,10.0,10.0,8.0,5.0,9.0,
3fae9f2e0c,CENTRO,OESTE,47.0,No se indica,Alimentación,Sí,Aumentado,7.0,7.0,6.0,8.0,8.0,6.0,8.0,7.0,
a97627eaab,ESTE,ESTE,60.0,No se indica,Alimentación,Sí,Aumentado,8.0,9.0,6.0,9.0,8.0,6.0,6.0,9.0,
ced5d65b08,SUR,SUR,28.0,No se indica,Alimentación,No,Aumentado,10.0,9.0,9.0,10.0,10.0,8.0,5.0,7.0,
3f20d4fe03,SUR,SUR,25.0,No se indica,Alimentación,No,Las mismas que antes,8.0,8.0,8.0,9.0,9.0,6.0,7.0,7.0,"Lo que más me gusta del pequeño comercio de Gijón es el trato cercano que te dan. Sería bueno que se vendiese más variedad de producto y así no tener que ir a los grandes almacenes a por ellos, así ganarían más clientes."
637e00c16a,ESTE,ESTE,45.0,No se indica,Alimentación,No,Las mismas que antes,10.0,10.0,10.0,10.0,10.0,10.0,10.0,10.0,Campañas de sensibilización y alguna oferta y promoción.
c4e382951d,OESTE,OESTE,53.0,No se indica,Tecnología,Sí,Aumentado,9.0,8.0,6.0,8.0,8.0,7.0,6.0,7.0,
12043c70c8,SUR,SUR,42.0,No se indica,Ocio,No,Las mismas que antes,7.0,9.0,8.0,9.0,9.0,7.0,7.0,8.0,Creo que cada vez el pequeño comercio se adapta más a novedades y a estar al día en los productos que ofrece.
f100ede125,OESTE,OESTE,38.0,No se indica,Ocio,Sí,Aumentado,7.0,8.0,8.0,8.0,9.0,6.0,6.0,8.0,
285d57426c,SUR,SUR,50.0,No se indica,Alimentación,No,Las mismas que antes,8.0,8.0,8.0,9.0,9.0,7.0,6.0,8.0,
9c886ab6e7,CENTRO,CENTRO,45.0,No se indica,Regalos,Sí,Disminuido,8.0,9.0,8.0,8.0,10.0,10.0,8.0,9.0,"Aunque soy de Oviedo, compro mucho en Gijón porque trabajo allí. La oferta es más variada, es como que en Oviedo saben lo que se vende y lo que no, así que no traen lo que no se vende, pero eso significa que siempre es todo lo mismo. En Gijón es como que se arriesga más, se trae oferta sin saber si va a haber demanda, y así los compradores podemos probar cosas nuevas. Oviedo es una profecía auto-cumplida (si no lo traes seguro que no lo van a comprar), Gijón es un todo vale que a veces trae fracasos, pero sobre todo trae éxitos."
e0f3e7a398,ESTE,ESTE,42.0,No se indica,Alimentación,No,Disminuido,7.0,7.0,7.0,8.0,9.0,8.0,8.0,8.0,
696c567d06,ESTE,CENTRO,36.0,No se indica,Alimentación,No,Las mismas que antes,8.0,7.0,3.0,3.0,8.0,5.0,6.0,4.0,"Malas experiencias. Una vez vendido el producto se desentienden. Incluso para entregas a domicilio. Ya voy comprando varias cosas en diferentes comercios que por tamaño tienen que entregarme a domicilio y ""se les olvida que me lo tenían que traer, a ver si pueden otro día""."
663ec53948,EL LLANO,EL LLANO,56.0,No se indica,Alimentación,No,Las mismas que antes,9.0,8.0,7.0,9.0,9.0,9.0,9.0,9.0,
c936aa398f,SUR,RURAL,57.0,No se indica,Alimentación,No,Las mismas que antes,5.0,6.0,5.0,6.0,6.0,6.0,5.0,6.0,"Creo que deberían ofrecer productos que no son estándar, con los que, además, es más difícil que puedan competir en precio con los de Internet. También deberían digitalizar se para que podamos elegir por Internet y recoger en tienda."
f4a7374f9f,CENTRO,CENTRO,45.0,No se indica,Alimentación,Sí,Disminuido,10.0,10.0,10.0,9.0,10.0,8.0,8.0,9.0,Facilitar un vivero de empresas de tiendas de proximidad.
dd533f738f,OESTE,EL LLANO,44.0,No se indica,Regalos,Sí,Las mismas que antes,6.0,9.0,9.0,9.0,8.0,8.0,8.0,8.0,
b2e38955f9,EL LLANO,CENTRO,60.0,No se indica,Alimentación,No,Las mismas que antes,8.0,9.0,7.0,7.0,6.0,9.0,8.0,9.0,Cuidadlo.
e08cba40b5,ESTE,ESTE,55.0,No se indica,Tecnología,Sí,Disminuido,9.0,8.0,8.0,10.0,9.0,6.0,7.0,8.0,
f4aacfe645,CENTRO,ESTE,44.0,No se indica,Salud,No,Las mismas que antes,8.0,8.0,5.0,8.0,8.0,5.0,5.0,8.0,
ee57b9dc33,EL LLANO,CENTRO,60.0,No se indica,Moda,Sí,Aumentado,9.0,10.0,9.0,10.0,10.0,8.0,8.0,9.0,
c3d6f42a81,SUR,CENTRO,41.0,No se indica,Alimentación,No,Las mismas que antes,6.0,10.0,7.0,10.0,10.0,6.0,8.0,8.0,
48077768a0,SUR,SUR,61.0,No se indica,Alimentación,Sí,Aumentado,10.0,8.0,5.0,10.0,9.0,7.0,9.0,7.0,
c36ec7cde3,ESTE,CENTRO,52.0,No se indica,Hogar,No,Las mismas que antes,9.0,8.0,5.0,9.0,9.0,8.0,7.0,8.0,"Horario de apertura: abrir más pronto por la mañana, ya que la mayoría de tiendas no abren hasta las 11:00. No cerrar a medio día y cerrar antes."
542f3ee99d,CENTRO,OESTE,41.0,No se indica,Hogar,No,Las mismas que antes,10.0,10.0,10.0,10.0,10.0,10.0,10.0,10.0,
159e02e19f,CENTRO,CENTRO,19.0,No se indica,Alimentación,No,Las mismas que antes,7.0,10.0,6.0,5.0,10.0,8.0,9.0,8.0,"Invertid en pequeño comercio. Os lo estáis cargando, como gran parte de nuestra ciudad. Escuchad a los ciudadanos."
2d95d63107,CENTRO,CENTRO,50.0,No se indica,Alimentación,No,Disminuido,7.0,7.0,7.0,8.0,9.0,7.0,6.0,6.0,
1ccd4b91cd,EL LLANO,EL LLANO,55.0,No se indica,Salud,No,Aumentado,9.0,9.0,5.0,7.0,7.0,7.0,6.0,7.0,
e6ceaef5dd,ESTE,ESTE,47.0,No se indica,Alimentación,Sí,Las mismas que antes,5.0,8.0,4.0,8.0,8.0,9.0,6.0,9.0,
1c602f1664,SUR,SUR,50.0,No se indica,Alimentación,No,Las mismas que antes,8.0,9.0,8.0,6.0,6.0,8.0,6.0,7.0,Ayudas o limitación a alquileres.
bc7ea377b9,OESTE,OESTE,33.0,No se indica,Hogar,Sí,Disminuido,6.0,9.0,7.0,5.0,5.0,8.0,8.0,7.0,
2fdc04ed96,CENTRO,CENTRO,38.0,No se indica,Ocio,Sí,Aumentado,10.0,10.0,8.0,10.0,10.0,7.0,8.0,9.0,
151a993dc1,CENTRO,CENTRO,47.0,No se indica,Alimentación,Sí,Disminuido,8.0,8.0,7.0,10.0,10.0,8.0,7.0,7.0,Proximidad y trato.
63d0df93fc,CENTRO,CENTRO,38.0,No se indica,Otros,Sí,Aumentado,10.0,9.0,9.0,9.0,10.0,9.0,7.0,10.0,
ea8e97076d,OESTE,OESTE,42.0,No se indica,Alimentación,Sí,Las mismas que antes,7.0,8.0,7.0,9.0,8.0,1.0,4.0,5.0,Mucha frutería y mucha peluquería/barbería... Poca variedad.
8b1a32b8d5,CENTRO,CENTRO,53.0,No se indica,Tecnología,Sí,Disminuido,10.0,9.0,9.0,1.0,9.0,8.0,7.0,8.0,Prácticamente no quedan pequeños comercios.
f836df6cc8,EL LLANO,EL LLANO,52.0,No se indica,Alimentación,Sí,Aumentado,10.0,8.0,9.0,10.0,10.0,10.0,10.0,9.0,
02d3d637c1,CENTRO,CENTRO,44.0,No se indica,Hogar,Sí,Aumentado,8.0,7.0,5.0,7.0,6.0,6.0,6.0,6.0,
54364ed5fa,EL LLANO,EL LLANO,47.0,No se indica,Alimentación,Sí,Disminuido,8.0,7.0,7.0,9.0,9.0,7.0,7.0,8.0,
0e688cb5d8,OESTE,OESTE,52.0,No se indica,Alimentación,No,Las mismas que antes,8.0,8.0,7.0,9.0,9.0,7.0,7.0,7.0,
e80b04e8a0,CENTRO,CENTRO,50.0,No se indica,Alimentación,Sí,Aumentado,9.0,5.0,5.0,5.0,6.0,3.0,2.0,5.0,
a34aeedfe7,CENTRO,CENTRO,39.0,No se indica,Otros,Sí,Las mismas que antes,10.0,10.0,8.0,10.0,10.0,9.0,8.0,10.0,
1c2e10e579,CENTRO,CENTRO,58.0,No se indica,Ocio,No,Disminuido,8.0,9.0,6.0,7.0,9.0,9.0,7.0,8.0,
b6399663ef,RURAL,ESTE,44.0,No se indica,Alimentación,Sí,Disminuido,6.0,8.0,7.0,7.0,6.0,6.0,7.0,8.0,
0678d44b87,CENTRO,CENTRO,48.0,No se indica,Alimentación,Sí,Disminuido,8.0,8.0,8.0,9.0,9.0,7.0,7.0,8.0,
80fad4b5c8,OESTE,OESTE,74.0,No se indica,Alimentación,No,Las mismas que antes,8.0,8.0,8.0,8.0,9.0,9.0,9.0,9.0,Es complicado mejorar las ofertas porque las grandes superficies no lo permiten y es difícil la tarea.
1142f43420,SUR,SUR,38.0,No se indica,Alimentación,No,Las mismas que antes,8.0,8.0,7.0,8.0,8.0,7.0,7.0,8.0,
cd4fabdc0c,CENTRO,CENTRO,53.0,No se indica,Alimentación,Sí,Disminuido,5.0,9.0,5.0,8.0,5.0,3.0,4.0,5.0,"He escuchado quejas en comerciantes por la competencia de las grandes superficies y del comercio online, los mismos que no me vendían determinados productos ni me daban opciones de conseguirlos. Por otra parte, los pequeños comerciantes apenas invierten en imagen ni en acondicionamiento de espacios, sectores en los que presto servicios profesionales. No les tengo especial aprecio."
ed5496856d,SUR,EL LLANO,59.0,No se indica,Ocio,No,Las mismas que antes,9.0,7.0,8.0,9.0,9.0,7.0,8.0,9.0,Libertad de horarios.
5fe24ecd6d,SUR,SUR,55.0,No se indica,Ocio,No,Las mismas que antes,5.0,9.0,6.0,9.0,9.0,7.0,9.0,9.0,"La atención en el pequeño comercio es más personalizada, en general."
8d841ab8ed,SUR,EL LLANO,47.0,No se indica,Alimentación,No,Las mismas que antes,7.0,6.0,6.0,7.0,7.0,6.0,6.0,6.0,
904fc72a21,CENTRO,OESTE,57.0,No se indica,Tecnología,Sí,Disminuido,10.0,10.0,9.0,10.0,10.0,10.0,9.0,10.0,"La compra online. La gran ventaja de las grandes superficies es la rapidez y el horario, el buen funcionamiento de la compra online y el envío a casa puede contrarrestarlo."
404a569fcc,ESTE,ESTE,65.0,No se indica,Alimentación,Sí,Las mismas que antes,6.0,8.0,6.0,8.0,9.0,3.0,4.0,7.0,
dea0a7651a,CENTRO,CENTRO,48.0,No se indica,Alimentación,No,Las mismas que antes,8.0,5.0,8.0,9.0,9.0,8.0,9.0,7.0,
0cf2aca94b,CENTRO,SUR,51.0,No se indica,Alimentación,No,Disminuido,1.0,1.0,5.0,4.0,1.0,5.0,7.0,5.0,
83dbee12d1,CENTRO,CENTRO,40.0,No se indica,Alimentación,Sí,Las mismas que antes,9.0,7.0,6.0,8.0,7.0,5.0,5.0,8.0,
5d23931d2a,RURAL,SUR,36.0,No se indica,Ocio,Sí,Aumentado,4.0,8.0,7.0,9.0,8.0,8.0,7.0,8.0,
55c01b1495,OESTE,OESTE,55.0,No se indica,Alimentación,No,Las mismas que antes,10.0,8.0,6.0,9.0,9.0,8.0,9.0,8.0,
2c692a1be6,CENTRO,CENTRO,60.0,No se indica,Hogar,No,Las mismas que antes,10.0,10.0,9.0,10.0,10.0,10.0,9.0,10.0,"Deberían hacer la devolución en metálico del importe de las compras devueltas, eso evitaría comprar regalos en las grandes superficies y multinacionales."
f18cc5d338,ESTE,ESTE,43.0,No se indica,Alimentación,No,Disminuido,7.0,9.0,6.0,9.0,9.0,10.0,8.0,9.0,
66bfc20b85,CENTRO,CENTRO,66.0,No se indica,Hogar,Sí,Las mismas que antes,8.0,10.0,6.0,7.0,8.0,6.0,5.0,8.0,Deberían devolver el dinero en caso de devolución del producto.
7673eb0070,OESTE,OESTE,30.0,No se indica,Alimentación,No,Aumentado,10.0,9.0,6.0,10.0,10.0,10.0,8.0,9.0,
6e04641978,OESTE,OESTE,64.0,No se indica,Moda,No,Las mismas que antes,9.0,9.0,7.0,8.0,8.0,8.0,7.0,9.0,
89dcda5bf1,CENTRO,CENTRO,30.0,No se indica,Tecnología,Sí,Las mismas que antes,1.0,10.0,5.0,10.0,10.0,3.0,2.0,6.0,Hace falta aparcamiento para poder ir a comprar.
6a96db1c28,RURAL,CENTRO,28.0,No se indica,Hogar,Sí,Disminuido,7.0,9.0,7.0,9.0,8.0,8.0,8.0,8.0,
4028124ca2,OESTE,OESTE,37.0,No se indica,Alimentación,Sí,Aumentado,8.0,10.0,7.0,10.0,10.0,9.0,8.0,9.0,Debería estar menos localizado y mejor distribuido en zonas de reciente construcción.
7a27326d6b,RURAL,CENTRO,40.0,No se indica,Alimentación,No,Las mismas que antes,8.0,8.0,7.0,8.0,8.0,8.0,8.0,8.0,
24b692ddfb,RURAL,OESTE,60.0,No se indica,Ocio,Sí,Las mismas que antes,7.0,10.0,10.0,10.0,10.0,10.0,8.0,10.0,
f591bb1f05,SUR,SUR,37.0,No se indica,Hogar,Sí,Disminuido,4.0,8.0,7.0,10.0,10.0,5.0,5.0,8.0,"Menos competencia, más variedad de productos."
5e5e0d8529,ESTE,ESTE,40.0,No se indica,Ocio,Sí,Disminuido,7.0,8.0,6.0,8.0,8.0,5.0,5.0,6.0,
3af2c508fc,RURAL,CENTRO,54.0,No se indica,Salud,Sí,Aumentado,4.0,7.0,7.0,7.0,7.0,4.0,4.0,5.0,
96f32ddc77,CENTRO,CENTRO,65.0,No se indica,Tecnología,Sí,Aumentado,7.0,7.0,7.0,5.0,9.0,8.0,8.0,8.0,
6f251ec6ca,EL LLANO,EL LLANO,37.0,No se indica,Alimentación,No,Las mismas que antes,8.0,8.0,7.0,8.0,8.0,7.0,8.0,8.0,
a4b957783a,RURAL,CENTRO,54.0,No se indica,Moda,Sí,Disminuido,8.0,9.0,8.0,10.0,10.0,8.0,7.0,8.0,
0b388b0267,OESTE,OESTE,43.0,No se indica,Alimentación,Sí,Aumentado,10.0,9.0,8.0,10.0,10.0,8.0,7.0,9.0,"El trato al cliente en el barrio La Calzada-Cerillero es magnífico, familiar, de calidad. Hecho de menos más tiendinas de ropa y calzado. Y alguna librería más."
389c98f41b,CENTRO,CENTRO,39.0,No se indica,Ocio,Sí,Aumentado,9.0,7.0,7.0,8.0,7.0,7.0,7.0,7.0,
73eab7f5bb,OESTE,OESTE,28.0,No se indica,Alimentación,Sí,Disminuido,8.0,8.0,3.0,8.0,8.0,4.0,2.0,7.0,
60fa795a3d,ESTE,ESTE,51.0,No se indica,Alimentación,Sí,Aumentado,8.0,8.0,7.0,7.0,7.0,8.0,7.0,8.0,
89b6325e7c,OESTE,OESTE,44.0,No se indica,Alimentación,No,Las mismas que antes,7.0,9.0,6.0,8.0,9.0,5.0,5.0,7.0,
8ebd1887b5,EL LLANO,CENTRO,48.0,No se indica,Alimentación,Sí,Disminuido,8.0,7.0,7.0,6.0,7.0,4.0,3.0,6.0,
1a76e9e3dd,CENTRO,SUR,38.0,No se indica,Alimentación,Sí,Aumentado,10.0,10.0,7.0,10.0,10.0,8.0,9.0,10.0,
1ad8cfc5e8,EL LLANO,CENTRO,51.0,No se indica,Regalos,No,Las mismas que antes,7.0,7.0,4.0,6.0,6.0,7.0,4.0,6.0,
c836ed1f63,OESTE,OESTE,43.0,No se indica,Alimentación,No,Las mismas que antes,8.0,8.0,8.0,8.0,6.0,8.0,6.0,7.0,
8ec36ca7fc,SUR,SUR,42.0,No se indica,Alimentación,Sí,Aumentado,7.0,9.0,8.0,9.0,9.0,8.0,5.0,7.0,
5e51915947,OESTE,OESTE,52.0,No se indica,Hogar,No,Las mismas que antes,8.0,8.0,7.0,8.0,8.0,8.0,7.0,7.0,
437d792d5e,SUR,CENTRO,39.0,No se indica,Tecnología,Sí,Disminuido,8.0,9.0,8.0,9.0,9.0,8.0,8.0,9.0,
ca3f345457,OESTE,CENTRO,36.0,No se indica,Moda,No,Las mismas que antes,7.0,8.0,6.0,7.0,7.0,6.0,5.0,6.0,
2586986a02,CENTRO,CENTRO,41.0,No se indica,Ocio,Sí,Aumentado,4.0,8.0,8.0,8.0,9.0,7.0,7.0,8.0,
00a3a8c4ae,OESTE,OESTE,77.0,No se indica,Ocio,Sí,Disminuido,8.0,8.0,7.0,8.0,8.0,6.0,7.0,8.0,
ce934b4929,OESTE,OESTE,68.0,No se indica,Alimentación,Sí,Disminuido,8.0,10.0,7.0,10.0,10.0,6.0,2.0,6.0,Los comercios pequeños son muy importantes.
514fc3e204,OESTE,OESTE,46.0,No se indica,Moda,No,Las mismas que antes,9.0,9.0,8.0,9.0,9.0,6.0,5.0,8.0,"Lo que más me gusta del pequeño comercio es que siga existiendo. Lo que menos, su tendencia a desaparecer víctima de las grandes corporaciones de esclavistas y la estupidez y falta de empatía de la masa. Lo que en mi humilde opinión deberían de hacer los comerciantes es NO adoptar modelos como Amazon y defender sus virtudes diferenciales. Y lo que creo que se puede hacer para apoyar al pequeño comercio es consumir en él, y evitar radicalmente comprar en servicios y empresas tan nocivas para el equilibrio social como Amazon, Glovo, y demás esclavistas de última generación."
caaad1abcb,EL LLANO,EL LLANO,48.0,No se indica,Hogar,No,Las mismas que antes,8.0,9.0,7.0,9.0,8.0,9.0,7.0,8.0,
2b9ba6dbf9,OESTE,OESTE,47.0,No se indica,Ocio,No,Aumentado,10.0,10.0,10.0,10.0,10.0,10.0,10.0,10.0,"El pequeño comercio no es quien debe hacer nada, somos los ciudadanos los que tenemos que poner el valor la actividad que realizan, la alegría que dan a las calles los establecimientos abiertos, la vida que proporcionan. ¿Cómo serían las calles de una ciudad sin comercio de cercanía? Una tristeza, ¿cuánto tiempo perderíamos en desplazamientos para hacer la compra diaria?"
d0f5007ca6,ESTE,ESTE,56.0,No se indica,Ocio,Sí,Las mismas que antes,8.0,9.0,7.0,9.0,9.0,8.0,6.0,8.0,
402a9eaf4c,ESTE,CENTRO,25.0,No se indica,Hogar,Sí,Disminuido,4.0,8.0,6.0,9.0,9.0,6.0,6.0,7.0,
ca79003ee6,SUR,CENTRO,26.0,No se indica,Alimentación,Sí,Las mismas que antes,8.0,8.0,7.0,8.0,8.0,7.0,7.0,7.0,
af8d1435c0,OESTE,OESTE,26.0,No se indica,Alimentación,No,Aumentado,5.0,9.0,7.0,10.0,8.0,4.0,2.0,8.0,Lo que más me gusta es el trato y la cercanía a mi domicilio. Lo que menos me gusta es la poca variedad y que los precios a veces son altos. Los comerciantes deberían traer productos que atraigan más a las nuevas generaciones. Sugiero más ayudas del estado a los autónomos para realizar los cambios que necesiten.
10373c6498,CENTRO,OESTE,46.0,No se indica,Tecnología,Sí,Aumentado,7.0,5.0,5.0,7.0,7.0,6.0,7.0,6.0,Más innovación y mejores precios...
b99e80c50a,CENTRO,CENTRO,47.0,No se indica,Alimentación,Sí,Disminuido,5.0,8.0,8.0,10.0,10.0,6.0,2.0,7.0,¡Necesitamos más tiendas pequeñas en los barrios!
0bd6ba34cd,SUR,SUR,55.0,No se indica,Alimentación,No,Aumentado,8.0,8.0,7.0,8.0,9.0,9.0,7.0,8.0,"No destruir plazas de aparcamiento. Mucha gente necesita el coche para ir a realizar compras y, después, llevarlas."
09a792352c,OESTE,OESTE,25.0,No se indica,Moda,No,Disminuido,9.0,9.0,9.0,10.0,10.0,7.0,7.0,8.0,
411df66a19,OESTE,OESTE,29.0,No se indica,Salud,Sí,Disminuido,8.0,9.0,9.0,10.0,10.0,8.0,8.0,9.0,
fe8b4775f7,SUR,SUR,43.0,No se indica,Moda,No,Las mismas que antes,7.0,8.0,8.0,8.0,8.0,8.0,8.0,8.0,
32721e1cc2,OESTE,OESTE,29.0,No se indica,Alimentación,Sí,Aumentado,10.0,10.0,8.0,8.0,9.0,10.0,10.0,9.0,
d9d13ce296,CENTRO,SUR,56.0,No se indica,Alimentación,Sí,Disminuido,7.0,6.0,5.0,2.0,1.0,7.0,5.0,6.0,Aprendan a crear por Internet una tienda con tráfico de clientes.
3586ba352f,CENTRO,CENTRO,21.0,No se indica,Ocio,Sí,Disminuido,6.0,8.0,6.0,5.0,9.0,7.0,4.0,7.0,"Se debería concienciar más al consumidor de los beneficios que supone comprar en el comercio cercano y las causas que tiene el no hacerlo. También creo que las tiendas del pequeño comercio deberían promocionarse de maneras más innovadoras, para llamar más la atención de la gente joven, que son los que menos valoran los pequeños comercios."
58671d81dd,ESTE,CENTRO,22.0,No se indica,Ocio,Sí,Disminuido,3.0,8.0,6.0,4.0,5.0,5.0,3.0,6.0,
2519625861,SUR,SUR,34.0,No se indica,Alimentación,Sí,Aumentado,9.0,9.0,9.0,8.5,9.0,9.0,9.0,9.0,
62ba933c9e,OESTE,CENTRO,45.0,No se indica,Ocio,Sí,Aumentado,10.0,7.0,5.0,8.0,9.0,5.0,6.0,8.0,
69c2998a4c,CENTRO,CENTRO,54.0,No se indica,Ocio,Sí,Las mismas que antes,8.0,8.0,8.0,8.0,8.0,8.0,8.0,8.0,"No me ha gustado la encuesta, no me parece ni original, ni variada, ni veo calidad en las preguntas. Igual estaría bien preparar más las encuestas..."
88d9e00306,CENTRO,CENTRO,26.0,No se indica,Ocio,Sí,Las mismas que antes,10.0,10.0,10.0,10.0,10.0,10.0,10.0,10.0,
34401cb594,CENTRO,CENTRO,31.0,No se indica,Alimentación,No,Aumentado,7.0,9.0,6.0,10.0,10.0,7.0,7.0,8.0,
8aa28bfa9d,OESTE,OESTE,45.0,No se indica,Alimentación,Sí,Disminuido,7.0,6.0,5.0,8.0,8.0,6.0,4.0,5.0,"Me gusta la cercanía y la idea de ayudar al pequeño empresario, no me gusta la falta de innovación e ideas que hagan de los comercios algo especial y distinto. Para apoyar al pequeño comercio se necesitan más ayudas para que puedan competir con las grandes superficies y las compras por Internet."
aa06543896,CENTRO,CENTRO,47.0,No se indica,Ocio,No,Aumentado,7.0,9.0,6.0,10.0,10.0,8.0,7.0,8.0,
43190bd452,ESTE,CENTRO,30.0,No se indica,Alimentación,Sí,Disminuido,7.0,8.0,4.0,7.0,6.0,7.0,7.0,8.0,
33c438cb25,CENTRO,CENTRO,44.0,No se indica,Alimentación,Sí,Disminuido,6.0,6.0,6.0,6.0,6.0,7.0,7.0,7.0,
c092635d36,CENTRO,CENTRO,31.0,No se indica,Regalos,Sí,Disminuido,7.0,7.0,7.0,8.0,7.0,8.0,9.0,8.0,
c5372578ae,CENTRO,CENTRO,52.0,No se indica,Alimentación,No,Las mismas que antes,10.0,5.0,4.0,6.0,10.0,5.0,5.0,5.0,
02cd7f96f2,CENTRO,CENTRO,45.0,No se indica,Alimentación,Sí,Disminuido,10.0,7.0,7.0,8.0,10.0,6.0,6.0,7.0,"Es importante la variedad de producto. La ventaja es la cercanía, el trato y ver el producto."
a82f3cb187,RURAL,CENTRO,40.0,No se indica,Salud,Sí,Aumentado,7.0,8.0,7.0,8.0,8.0,6.0,6.0,8.0,
e63ff56456,CENTRO,CENTRO,44.0,No se indica,Alimentación,Sí,Aumentado,7.0,7.0,4.0,8.0,10.0,10.0,8.0,8.0,
26e313ef12,ESTE,ESTE,57.0,No se indica,Alimentación,Sí,Disminuido,8.0,8.0,7.0,7.0,5.0,5.0,4.0,7.0,"Lo mejor es la cercanía, poder bajar a la carnicería o a cualquier tienda y subir producto fresco para comer al momento. En cuanto a la oferta, creo que es aceptable, no se puede pedir que tengan la variedad de un hipermercado. Para apoyar al pequeño comercio lo principal es comprar en ellos, poco más se puede hacer."
230a5db493,SUR,CENTRO,41.0,No se indica,Alimentación,Sí,Las mismas que antes,8.0,8.0,4.0,8.0,9.0,2.0,4.0,7.0,"Hoy en día se valora la inmediatez en adquirir el producto deseado y la posibilidad de comprar el producto exacto, en el pequeño comercio esa posibilidad es complicada y eso les dificulta equipararse a otros sitios."
34b8b3b576,ESTE,ESTE,46.0,No se indica,Hogar,Sí,Las mismas que antes,8.0,8.0,8.0,8.0,8.0,8.0,8.0,8.0,
1767ab656a,OESTE,OESTE,35.0,No se indica,Alimentación,Sí,Aumentado,9.0,9.0,5.0,10.0,10.0,8.0,6.0,8.0,
9b3854c2f5,CENTRO,CENTRO,43.0,No se indica,Moda,No,Las mismas que antes,6.0,10.0,7.0,10.0,10.0,7.0,7.0,8.0,
b5ccc41b61,CENTRO,CENTRO,55.0,No se indica,Alimentación,Sí,Las mismas que antes,8.0,8.0,8.0,8.0,8.0,7.0,7.0,7.0,"El trato cercano y la amabilidad es lo mejor, también la calidad del producto. Echo en falta algo más de originalidad y de nuevos productos. También algo más de publicidad en sus artículos. Y no estaría de más (como idea) una red entre los pequeños comerciantes capaz de servir a domicilio al extraradio de Gijón, entendiendo por esto no solo a las parroquias, sino a los concejos vecinos."
31140886fa,SUR,SUR,41.0,No se indica,Alimentación,Sí,Aumentado,10.0,8.0,8.0,10.0,10.0,8.0,10.0,9.0,
37a9f232c8,OESTE,OESTE,31.0,No se indica,Alimentación,No,Las mismas que antes,5.0,5.0,3.0,5.0,7.0,4.0,4.0,8.0,
17a8bd88b9,CENTRO,CENTRO,29.0,No se indica,Alimentación,Sí,Disminuido,5.0,8.0,8.0,9.0,9.0,5.0,4.0,6.0,
d119863f25,CENTRO,CENTRO,44.0,No se indica,Otros,No,Disminuido,9.0,9.0,7.0,7.0,9.0,9.0,6.0,8.0,
7096437fbe,CENTRO,RURAL,48.0,No se indica,Salud,Sí,Disminuido,6.0,10.0,8.0,6.0,5.0,6.0,6.0,7.0,"Zonas de aparcamiento (aunque eso es más bien cosa del Ayuntamiento). Menos marketing de upsell y demás, y más interés sincero por las necesidades del cliente."
c1bc2bd43d,RURAL,CENTRO,45.0,No se indica,Alimentación,Sí,Disminuido,4.0,7.0,5.0,5.0,4.0,3.0,3.0,5.0,Con el acceso a la información que tenemos hoy en día a través de medios digitales echo en falta un conocimiento más especializado en el personal de los comercios.
c21ddc18f3,CENTRO,CENTRO,43.0,No se indica,Tecnología,Sí,Las mismas que antes,8.0,8.0,7.0,8.0,9.0,8.0,7.0,8.0,"Del pequeño comercio lo que más me gusta es el trato personal, te hacen sentir persona y no un mero consumidor."
97eb22b6bd,SUR,SUR,26.0,No se indica,Regalos,Sí,Aumentado,6.0,8.0,6.0,7.0,9.0,4.0,8.0,7.0,
9c8e187f88,SUR,SUR,30.0,No se indica,Ocio,Sí,Disminuido,7.0,9.0,7.0,9.0,7.0,9.0,7.0,8.0,
836d02c23c,OESTE,OESTE,37.0,No se indica,Alimentación,Sí,Aumentado,9.0,8.0,8.0,9.0,9.0,7.0,6.0,9.0,
3642c579ad,CENTRO,CENTRO,55.0,No se indica,Alimentación,Sí,Las mismas que antes,10.0,8.0,8.0,10.0,10.0,3.0,6.0,7.0,
01ccd9fb9e,OESTE,OESTE,34.0,No se indica,Regalos,Sí,Aumentado,7.0,8.0,8.0,7.0,8.0,7.0,7.0,8.0,"Creo que igual desde el Ayuntamiento se podría hacer una campaña de visibilización y concienciación sobre la importancia del pequeño comercio, de lo que supone el kilómetro cero, de los beneficios que podemos obtener y también mostrarnos qué consecuencias tiene o podría tener todas esas compras que realizamos sin tener en cuenta esto. Se me ocurre, a través de un pequeño vídeo dar a conocer y dotar de recursos y herramientas a los colegios, institutos, con actividades o dinámicas que sensibilicen y doten de realismo la propia realidad que existe. Incentivar al comprador/a cómo se está haciendo a través de descuentos en tiendas de proximidad..."
7587e5d6bc,OESTE,OESTE,75.0,No se indica,Alimentación,Sí,Aumentado,8.0,7.0,6.0,10.0,5.0,6.0,5.0,10.0,Ninguna queja. Bien como está.
148e0ceb71,SUR,SUR,27.0,No se indica,Alimentación,Sí,Aumentado,9.0,9.0,8.0,9.0,9.0,8.0,8.0,9.0,
efc18f9f8b,CENTRO,CENTRO,44.0,No se indica,Alimentación,Sí,Disminuido,10.0,9.0,2.0,9.0,8.0,9.0,7.0,8.0,"Hay que dar vida a las calles, impulsando actividades que incentiven el consumo en el pequeño comercio"
6f6c57f412,OESTE,OESTE,30.0,No se indica,Alimentación,Sí,Aumentado,10.0,10.0,7.0,9.0,10.0,8.0,6.0,9.0,"Sorteos de cesta de productos de varios comercios por zonas, no de todo Gijón. Concursos de pinchos, desfiles de ropa de tiendas..."
c9f49e9e80,RURAL,CENTRO,41.0,No se indica,Ocio,Sí,Aumentado,8.0,9.0,8.0,10.0,10.0,7.0,8.0,8.0,
994ef8876c,ESTE,ESTE,50.0,No se indica,Alimentación,No,Las mismas que antes,8.0,8.0,7.0,6.0,7.0,6.0,5.0,8.0,
66f35de278,SUR,SUR,46.0,No se indica,Regalos,Sí,Disminuido,10.0,10.0,10.0,10.0,10.0,10.0,10.0,10.0,"Lo que más me gusta es la cercanía en aquellos comercios a los que acudo con asiduidad. Para ayudar al pequeño comercio, estaría bien darles facilidades para el acceso al comercio online (porque a pesar de esa cercanía positiva que los caracteriza, las circunstancias vitales actuales y quizá futuras a corto plazo, hacen de esta opción una salida que en muchos casos es inevitable tomar) y apoyarles como autónomos desde las instituciones correspondientes."
f2b1a4659d,SUR,SUR,27.0,No se indica,Alimentación,No,Las mismas que antes,8.0,8.0,7.0,8.0,7.0,8.0,7.0,8.0,
f32ba67931,CENTRO,OESTE,39.0,No se indica,Alimentación,Sí,Disminuido,10.0,9.0,8.0,10.0,10.0,9.0,7.0,9.0,"Yo valoro y apuesto por el pequeño comercio de Gijón y en concreto en de la Zona Oeste. Valoro su atención, trato, garantía, negocios con historia. Hay muchos de toda la vida, la variedad del mismo. Si que echo en falta más comercio de productores locales. Propongo un mercado de productos locales de la zona semanal donde sean ellos directamente los que vendan los productos. Así mismo estaría bien una tarjeta única de fidelización descuento de compras en negocios del barrio donde se hagan promociones descuentos o algún tipo de incentivos para aumentar el consumo del pequeño comercio. Hay barrios en los que los negocios no son abundantes donde sí que hay desigualdad en cuanto a negocios básicos, transporte etc como puede ser Tremañes, Montiana, Jove, Veriña, Pescadores, Portuarios o  El Muselín al contrario que la zona de la calzada que estamos bien bien abastecidos y la comunicación en cuanto a trasporte es muy buena."
ba56fcbd5a,CENTRO,CENTRO,56.0,No se indica,Ocio,No,Las mismas que antes,7.0,7.0,6.0,7.0,7.0,5.0,5.0,7.0,
55130d5216,OESTE,OESTE,33.0,No se indica,Salud,Sí,Aumentado,7.0,8.0,6.0,10.0,10.0,7.0,6.0,8.0,
710d053b08,OESTE,OESTE,45.0,No se indica,Alimentación,Sí,Aumentado,8.0,9.0,9.0,9.0,10.0,7.0,7.0,8.0,Promociones de ventas y compras en él.
f01e70868e,OESTE,OESTE,44.0,No se indica,Salud,Sí,Las mismas que antes,7.0,4.0,3.0,9.0,9.0,2.0,3.0,4.0,
8d1d088893,OESTE,OESTE,43.0,No se indica,Ocio,Sí,Aumentado,8.0,8.0,6.0,9.0,9.0,7.0,6.0,8.0,
9f3a64256a,OESTE,OESTE,50.0,No se indica,Tecnología,No,Las mismas que antes,10.0,10.0,9.0,8.5,10.0,10.0,9.0,10.0,
4a74740937,OESTE,OESTE,40.0,No se indica,Salud,Sí,Aumentado,8.0,8.0,8.0,8.0,8.0,7.0,8.0,8.0,
9066e33521,OESTE,OESTE,49.0,No se indica,Alimentación,Sí,Aumentado,8.0,9.0,6.0,7.0,8.0,8.0,4.0,8.0,"Me gusta el pequeño comercio, la atención personalizada y el trato cercano... así como los productos de calidad."
5b9e860f28,SUR,CENTRO,43.0,No se indica,Ocio,Sí,Disminuido,6.0,9.0,7.0,9.0,9.0,7.0,6.0,7.0,
08aea3fc79,OESTE,OESTE,23.0,No se indica,Alimentación,Sí,Las mismas que antes,7.0,7.0,5.0,7.0,7.0,6.0,5.0,7.0,"Lo cierto es que no suelo consumir mucho en el pequeño comercio de Gijón, ya que solo vengo a trabajar a La Calzada y resido en Oviedo. De todos modos, la cercanía y el trato personal del pequeño comercio en general (no solo en Gijón) son los rasgos que destacaría de este tipo de negocios."
888454c22e,SUR,SUR,47.0,No se indica,Alimentación,Sí,Aumentado,6.0,8.0,6.0,8.0,7.0,6.0,7.0,7.0,
a94fe2071d,ESTE,CENTRO,47.0,No se indica,Ocio,No,Disminuido,5.0,3.0,5.0,4.0,4.0,4.0,1.0,4.0,
92834a419b,CENTRO,OESTE,43.0,No se indica,Ocio,No,Las mismas que antes,5.0,4.0,5.0,7.0,7.0,6.0,3.0,4.0,Poca variedad de oferta comercial y bastante anticuada.
43f265bc56,CENTRO,CENTRO,62.0,No se indica,Salud,Sí,Aumentado,6.0,8.0,5.0,9.0,9.0,4.0,4.0,6.0,
c124bf7172,OESTE,OESTE,51.0,No se indica,Alimentación,Sí,Disminuido,10.0,8.0,8.0,4.0,4.0,5.0,4.0,6.0,"Lo que más me gusta: la proximidad. Lo que menos: la atención. Para mejorar oferta y atraer clientes: atención más amable y orientada al cliente, si no tienen algo, hacer esfuerzo por conseguirlo si pueden, proveedores ágiles que permitan cumplir plazos rápidos, horarios flexibles, web para consultas y pedidos online, medios de comunicación accesibles y constantes. Para apoyar al pequeño comercio es necesario que se modernicen."
b19d670b0d,SUR,SUR,50.0,No se indica,Moda,Sí,Aumentado,7.0,8.0,7.0,9.0,7.0,7.0,7.0,7.0,
efed193827,OESTE,OESTE,48.0,No se indica,Moda,Sí,Las mismas que antes,9.0,9.0,9.0,10.0,10.0,7.0,7.0,9.0,
d854913f8c,ESTE,ESTE,28.0,No se indica,Ocio,Sí,Aumentado,8.0,8.0,7.0,9.0,10.0,6.0,6.0,7.0,"En general, prefiero realizar mis compras en el pequeño comercio, porque el trato es mucho más cercano y personalizado, pero es cierto que la variedad de productos a veces es más escasa y me veo obligada a comprar en grandes superficies o por Internet Creo que sería importante potenciar más este tipo de comercio por medio de diversas iniciativas, ya sean publicitarias o cualquier tipo de ayuda que haga que este tipo de negocios amplíen su oferta de productos y, por consiguiente, su cartera de clientes."
53deeac600,ESTE,OESTE,39.0,No se indica,Alimentación,No,Las mismas que antes,5.0,6.0,5.0,7.0,10.0,2.0,2.0,5.0,
9474b7121d,ESTE,ESTE,53.0,No se indica,Alimentación,Sí,Las mismas que antes,6.0,7.0,6.0,6.0,7.0,6.0,7.0,7.0,"El pequeño comercio del día a día es lo que más me gusta, tenemos de todo, lo que menos es el comercio más especializado como ropa, deportes concretos, hay poca variedad y al final recurres a Internet."
524dc0fb55,OESTE,OESTE,44.0,No se indica,Hogar,Sí,Aumentado,8.0,7.0,5.0,8.0,7.0,5.0,5.0,7.0,"La clave para la mejora del pequeño comercio de Gijón está en acercar todo lo que se pueda el negocio a la gente. Venta online, distribución a domicilio, etc."
43ed6ae985,ESTE,ESTE,32.0,Mujer,Alimentación,Sí,Aumentado,7.0,8.0,10.0,9.0,8.0,8.0,10.0,7.0,
3bf280adb0,CENTRO,CENTRO,32.0,No se indica,Salud,Sí,Aumentado,9.0,8.0,9.0,7.0,8.0,9.0,8.0,7.0,
ba7508e9b0,OESTE,OESTE,54.0,No se indica,Alimentación,Sí,Aumentado,9.0,9.0,10.0,9.0,7.0,9.0,8.0,7.0,
a532b0d9fd,OESTE,OESTE,53.0,Mujer,Moda,No,Las mismas que antes,8.0,8.0,9.0,8.0,8.0,9.0,8.0,8.0,
f5e5d365e7,CENTRO,CENTRO,45.0,Mujer,Alimentación,Sí,Aumentado,8.0,9.0,10.0,9.0,9.0,10.0,9.0,8.0,
a8b255dc9e,EL LLANO,EL LLANO,24.0,Mujer,Moda,No,Las mismas que antes,9.0,8.0,9.0,10.0,9.0,9.0,9.0,9.0,
afbd523056,SUR,SUR,25.0,Hombre,Ocio,No,Disminuido,10.0,10.0,10.0,10.0,9.0,8.0,8.0,10.0,
fcc41e6516,EL LLANO,EL LLANO,40.0,Hombre,Ocio,Sí,Disminuido,8.0,9.0,9.0,8.0,8.0,8.0,6.0,7.0,
101c406e52,EL LLANO,EL LLANO,54.0,Mujer,Alimentación,No,Las mismas que antes,10.0,10.0,9.0,7.0,6.0,9.0,5.0,6.0,
62eedebf1c,EL LLANO,EL LLANO,25.0,Mujer,Moda,Sí,Aumentado,8.0,8.0,10.0,7.0,7.0,9.0,6.0,8.0,
6af81ee1db,OESTE,OESTE,48.0,Mujer,Moda,No,Las mismas que antes,9.0,10.0,10.0,8.0,7.0,9.0,6.0,8.0,
99869b10ba,RURAL,OESTE,35.0,Hombre,Alimentación,No,Las mismas que antes,8.0,10.0,10.0,7.0,7.0,9.0,6.0,9.0,
36c0fee4f1,CENTRO,CENTRO,76.0,Mujer,Moda,No,Las mismas que antes,8.0,10.0,10.0,9.0,8.0,9.0,7.0,8.0,
6b5a589ab5,OESTE,OESTE,47.0,Mujer,Alimentación,Sí,Aumentado,10.0,10.0,8.0,8.0,8.0,8.0,6.0,7.0,
dea03e3a0f,OESTE,OESTE,45.0,Mujer,Alimentación,Sí,Aumentado,8.0,9.0,9.0,9.0,9.0,8.0,7.0,7.0,
129fa528f8,EL LLANO,EL LLANO,23.0,No se indica,Alimentación,Sí,Aumentado,8.0,8.0,8.0,8.0,8.0,8.0,8.0,8.0,
f3d0df6718,SUR,SUR,75.0,Mujer,Moda,No,Las mismas que antes,10.0,10.0,9.0,9.0,9.0,9.0,8.0,9.0,
845b899dd9,SUR,SUR,76.0,Hombre,Salud,No,Las mismas que antes,9.0,10.0,9.0,8.0,9.0,9.0,8.0,8.0,
3a27376b3e,OESTE,OESTE,54.0,Mujer,Alimentación,Sí,Las mismas que antes,10.0,10.0,10.0,10.0,10.0,10.0,10.0,10.0,Lo que más me gusta es la variedad y la cercanía.
cdd0f76d8c,EL LLANO,EL LLANO,23.0,Mujer,Moda,No,Las mismas que antes,9.0,9.0,10.0,8.0,8.0,9.0,8.0,9.0,
eafdd18435,EL LLANO,EL LLANO,24.0,Mujer,Alimentación,Sí,Aumentado,7.0,8.0,10.0,8.0,8.0,9.0,9.0,7.0,
cfa47af426,SUR,SUR,76.0,Hombre,Alimentación,No,Las mismas que antes,10.0,9.0,9.0,8.0,8.0,8.0,5.0,8.0,
614bc9dd4e,OESTE,OESTE,43.0,Mujer,Salud,No,Las mismas que antes,7.0,8.0,7.0,7.0,7.0,6.0,6.0,6.0,
9b811862cf,OESTE,OESTE,65.0,Mujer,Alimentación,No,Las mismas que antes,9.0,8.0,9.0,7.0,8.0,9.0,7.0,7.0,
1981c999c4,SUR,SUR,31.0,Mujer,Salud,Sí,Aumentado,9.0,10.0,10.0,8.0,8.0,8.0,10.0,7.0,
ce7c0186e3,RURAL,OESTE,67.0,No se indica,Alimentación,Sí,Aumentado,9.0,8.0,10.0,7.0,7.0,9.0,7.0,8.0,
1819246142,EL LLANO,EL LLANO,54.0,No se indica,Alimentación,No,Las mismas que antes,7.0,6.0,7.0,7.0,6.0,8.0,8.0,7.0,
37befff785,CENTRO,CENTRO,27.0,Mujer,Hogar,Sí,Aumentado,10.0,8.0,8.0,8.0,9.0,9.0,8.0,7.0,
17c90a24cb,CENTRO,CENTRO,28.0,Mujer,Hogar,Sí,Aumentado,7.0,9.0,9.0,9.0,9.0,8.0,8.0,8.0,
913cbdb298,SUR,SUR,65.0,Hombre,Alimentación,No,Las mismas que antes,8.0,9.0,9.0,8.0,8.0,8.0,7.0,7.0,
73c44fbe6d,SUR,SUR,65.0,Mujer,Alimentación,No,Las mismas que antes,9.0,10.0,10.0,9.0,9.0,9.0,6.0,8.0,
5438f11b4c,OESTE,OESTE,48.0,Mujer,Alimentación,No,Las mismas que antes,7.0,9.0,7.0,8.0,9.0,10.0,9.0,8.0,
0497ec51c1,OESTE,OESTE,43.0,Hombre,Alimentación,No,Las mismas que antes,8.0,8.0,9.0,9.0,8.0,8.0,7.0,8.0,
c2d21b4706,OESTE,OESTE,45.0,Mujer,Alimentación,Sí,Aumentado,9.0,9.0,10.0,9.0,9.0,8.0,7.0,8.0,
d94dd17a06,EL LLANO,EL LLANO,27.0,Mujer,Moda,No,Las mismas que antes,10.0,9.0,10.0,9.0,8.0,8.0,9.0,8.0,
213ba33645,OESTE,OESTE,45.0,Mujer,Alimentación,No,Las mismas que antes,10.0,10.0,10.0,9.0,9.0,9.0,7.0,7.0,
fabe463a08,OESTE,OESTE,44.0,Hombre,Alimentación,Sí,Aumentado,8.0,10.0,9.0,9.0,9.0,9.0,8.0,8.0,
38128ad395,EL LLANO,EL LLANO,38.0,Mujer,Alimentación,Sí,Aumentado,9.0,9.0,10.0,9.0,8.0,9.0,8.0,8.0,
c160648a06,OESTE,OESTE,41.0,Hombre,Tecnología,Sí,Disminuido,7.0,9.0,9.0,7.0,7.0,7.0,5.0,8.0,
007ef6f98f,SUR,SUR,67.0,No se indica,Alimentación,No,Las mismas que antes,10.0,9.0,10.0,9.0,8.0,9.0,8.0,9.0,
62a61d0081,SUR,SUR,75.0,Mujer,Alimentación,No,Las mismas que antes,10.0,9.0,10.0,8.0,8.0,9.0,8.0,8.0,
1839485a71,SUR,SUR,76.0,Hombre,Alimentación,No,Las mismas que antes,9.0,10.0,9.0,9.0,9.0,9.0,9.0,9.0,
2e04477a5f,CENTRO,CENTRO,38.0,No se indica,Alimentación,Sí,Aumentado,9.0,10.0,9.0,9.0,9.0,9.0,9.0,8.0,
16689a923b,EL LLANO,EL LLANO,30.0,Mujer,Moda,Sí,Aumentado,9.0,10.0,10.0,9.0,9.0,9.0,8.0,9.0,
87721f0256,EL LLANO,EL LLANO,32.0,Mujer,Moda,Sí,Aumentado,9.0,10.0,10.0,8.0,8.0,8.0,8.0,8.0,
a17b51514d,CENTRO,CENTRO,25.0,No se indica,Otros,Sí,Aumentado,8.0,9.0,10.0,8.0,9.0,9.0,8.0,9.0,
5dea44cc23,RURAL,RURAL,56.0,No se indica,Alimentación,No,Las mismas que antes,8.0,8.0,10.0,8.0,8.0,10.0,7.0,8.0,
ea6b722873,RURAL,OESTE,53.0,No se indica,Alimentación,No,Las mismas que antes,8.0,8.0,10.0,8.0,9.0,9.0,7.0,8.0,
ede64429d5,OESTE,OESTE,72.0,Hombre,Alimentación,No,Las mismas que antes,8.0,9.0,10.0,10.0,9.0,9.0,7.0,9.0,
dc32f92349,OESTE,OESTE,48.0,Mujer,Alimentación,No,Las mismas que antes,9.0,9.0,10.0,9.0,9.0,10.0,8.0,9.0,
f508dd1ae7,OESTE,OESTE,43.0,Hombre,Alimentación,No,Las mismas que antes,7.0,9.0,10.0,9.0,9.0,10.0,8.0,7.0,
3db344b0c7,OESTE,OESTE,53.0,Mujer,Alimentación,Sí,Aumentado,10.0,10.0,6.0,10.0,10.0,10.0,8.0,10.0,En general todo bien. Apoyo al pequeño comercio al 100%.
6df7cb3a37,CENTRO,CENTRO,25.0,No se indica,Otros,Sí,Aumentado,8.0,10.0,8.0,8.0,8.0,10.0,9.0,7.0,
b7e9c17d7b,OESTE,OESTE,46.0,Mujer,Alimentación,No,Las mismas que antes,9.0,10.0,10.0,9.0,10.0,10.0,9.0,8.0,
637fd78c22,OESTE,OESTE,72.0,Mujer,Alimentación,No,Las mismas que antes,9.0,10.0,10.0,10.0,10.0,9.0,8.0,10.0,
7da6d20f98,OESTE,OESTE,71.0,Hombre,Alimentación,No,Las mismas que antes,9.0,10.0,10.0,9.0,10.0,8.0,7.0,8.0,
b97f3c9bcf,OESTE,OESTE,53.0,Mujer,Alimentación,Sí,Aumentado,8.0,9.0,9.0,8.0,8.0,9.0,7.0,8.0,
cba27e5626,OESTE,OESTE,67.0,No se indica,Alimentación,No,Las mismas que antes,8.0,10.0,10.0,8.0,10.0,9.0,8.0,9.0,
4ab95ba98d,OESTE,OESTE,56.0,Mujer,Alimentación,No,Las mismas que antes,9.0,10.0,9.0,10.0,10.0,9.0,7.0,9.0,
735064ba16,CENTRO,CENTRO,24.0,Hombre,Otros,Sí,Aumentado,7.0,7.0,9.0,8.0,8.0,9.0,8.0,8.0,
0af5e20368,SUR,SUR,66.0,No se indica,Alimentación,No,Las mismas que antes,10.0,10.0,10.0,9.0,9.0,9.0,9.0,9.0,
0c61a6c4a0,OESTE,OESTE,57.0,Mujer,Alimentación,No,Las mismas que antes,9.0,9.0,10.0,10.0,10.0,9.0,9.0,9.0,
60ddf5837a,OESTE,OESTE,57.0,Hombre,Alimentación,No,Las mismas que antes,9.0,10.0,10.0,9.0,9.0,10.0,6.0,8.0,
db92b8002d,CENTRO,CENTRO,44.0,No se indica,Alimentación,Sí,Aumentado,10.0,9.0,10.0,10.0,9.0,9.0,9.0,8.0,
d0fd690bd5,CENTRO,CENTRO,43.0,No se indica,Alimentación,Sí,Aumentado,9.0,10.0,9.0,8.0,8.0,10.0,9.0,8.0,
7d34b16154,OESTE,OESTE,50.0,Hombre,Tecnología,Sí,Disminuido,7.0,8.0,5.0,7.0,7.0,9.0,8.0,8.0,Apoyar al pequeño comercio.
a73cfeb24f,SUR,SUR,75.0,Mujer,Alimentación,No,Las mismas que antes,9.0,8.0,10.0,9.0,9.0,7.0,7.0,8.0,
da3f0b7992,OESTE,OESTE,43.0,Hombre,Alimentación,No,Las mismas que antes,8.0,10.0,10.0,9.0,9.0,8.0,7.0,9.0,
b8f00c444e,RURAL,OESTE,43.0,No se indica,Alimentación,Sí,Aumentado,9.0,9.0,10.0,8.0,7.0,9.0,7.0,8.0,
f57bf684c2,OESTE,OESTE,57.0,Mujer,Alimentación,No,Las mismas que antes,9.0,8.0,9.0,10.0,9.0,8.0,10.0,9.0,
9d6ffec80b,OESTE,OESTE,58.0,No se indica,Alimentación,No,Las mismas que antes,10.0,9.0,10.0,9.0,9.0,8.0,9.0,9.0,
39ff992f83,SUR,SUR,32.0,Mujer,Hogar,No,Las mismas que antes,9.0,8.0,9.0,9.0,8.0,8.0,9.0,9.0,
296d849258,OESTE,OESTE,42.0,Hombre,Alimentación,Sí,Disminuido,4.0,10.0,10.0,10.0,10.0,7.0,5.0,9.0,
d7df6b495d,OESTE,CENTRO,46.0,Hombre,Moda,No,Las mismas que antes,10.0,8.0,7.0,9.0,9.0,6.0,8.0,8.0,Deben insistir en que en muchas ocasiones los productos del pequeño comercio no son más caros que los de grandes superficies o Amazon. Y tienen mayor calidad.
2485679bb9,OESTE,OESTE,66.0,No se indica,Alimentación,No,Las mismas que antes,9.0,8.0,8.0,8.0,8.0,8.0,6.0,8.0,
e213631d7c,OESTE,OESTE,76.0,No se indica,Alimentación,No,Las mismas que antes,10.0,9.0,9.0,9.0,9.0,8.0,9.0,9.0,
9cacfbb514,EL LLANO,EL LLANO,26.0,Mujer,Moda,Sí,Aumentado,8.0,9.0,9.0,9.0,8.0,8.0,10.0,9.0,
aa79f1a73a,EL LLANO,EL LLANO,23.0,Mujer,Moda,Sí,Aumentado,8.0,8.0,8.0,9.0,8.0,7.0,10.0,9.0,
7077b01b9c,OESTE,OESTE,66.0,Hombre,Alimentación,No,Las mismas que antes,9.0,8.0,7.0,9.0,8.0,8.0,6.0,9.0,
bf09494a06,OESTE,OESTE,65.0,Mujer,Alimentación,No,Las mismas que antes,8.0,10.0,8.0,8.0,10.0,7.0,6.0,8.0,
b09ae87648,OESTE,OESTE,42.0,Mujer,Alimentación,Sí,Aumentado,8.0,8.0,8.0,7.0,7.0,8.0,5.0,8.0,
d62862483f,CENTRO,CENTRO,33.0,Mujer,Regalos,Sí,Disminuido,7.0,8.0,6.0,8.0,8.0,8.0,8.0,8.0,
d87bc971f8,SUR,SUR,24.0,Mujer,Otros,No,Las mismas que antes,8.0,7.0,7.0,7.0,6.0,6.0,6.0,6.0,
c36fcf9d9e,CENTRO,CENTRO,22.0,Mujer,Moda,No,Las mismas que antes,8.0,8.0,8.0,8.0,8.0,7.0,5.0,9.0,
50dca187a2,CENTRO,OESTE,36.0,Mujer,Alimentación,Sí,Disminuido,8.0,6.0,7.0,5.0,7.0,5.0,4.0,9.0,
2d8b5f8f47,OESTE,OESTE,53.0,Mujer,Alimentación,No,Las mismas que antes,8.0,7.0,7.0,6.0,6.0,6.0,4.0,9.0,
85022d6167,OESTE,OESTE,71.0,Hombre,Alimentación,No,Las mismas que antes,10.0,9.0,9.0,10.0,10.0,9.0,8.0,9.0,
9acb9a047d,OESTE,OESTE,42.0,Mujer,Alimentación,No,Las mismas que antes,9.0,9.0,8.0,9.0,9.0,8.0,7.0,8.0,
337fa09a22,OESTE,OESTE,72.0,Hombre,Alimentación,Sí,Aumentado,8.0,9.0,8.0,8.0,8.0,6.0,7.0,9.0,
9f3791f3c9,OESTE,SUR,56.0,Mujer,Alimentación,No,Las mismas que antes,8.0,10.0,9.0,9.0,9.0,8.0,8.0,8.0,
5b26f54b63,OESTE,OESTE,43.0,Mujer,Alimentación,Sí,Aumentado,9.0,10.0,10.0,9.0,9.0,9.0,7.0,8.0,
1ec3bbbb9c,OESTE,OESTE,32.0,Hombre,Alimentación,No,Las mismas que antes,10.0,9.0,8.0,10.0,10.0,9.0,7.0,9.0,
75643f50bd,OESTE,OESTE,38.0,Mujer,Alimentación,No,Las mismas que antes,9.0,10.0,8.0,10.0,10.0,9.0,9.0,9.0,
564856117a,SUR,SUR,75.0,Mujer,Alimentación,No,Las mismas que antes,9.0,9.0,9.0,8.0,8.0,8.0,8.0,9.0,
16dd42314b,RURAL,RURAL,67.0,No se indica,Alimentación,No,Las mismas que antes,7.0,8.0,7.0,7.0,8.0,9.0,7.0,8.0,
dbabf15f55,EL LLANO,EL LLANO,22.0,Mujer,Moda,No,Las mismas que antes,7.0,9.0,9.0,8.0,9.0,8.0,8.0,7.0,
94d8b1e409,EL LLANO,EL LLANO,25.0,Mujer,Moda,Sí,Aumentado,8.0,9.0,7.0,8.0,8.0,7.0,6.0,8.0,
0f7dc9b98d,OESTE,OESTE,42.0,Mujer,Ocio,No,Las mismas que antes,6.0,7.0,6.0,7.0,6.0,6.0,4.0,8.0,
9d4cb263a1,OESTE,OESTE,35.0,Hombre,Alimentación,Sí,Disminuido,9.0,8.0,8.0,6.0,5.0,7.0,6.0,8.0,
33dbbfac3c,SUR,SUR,50.0,No se indica,Hogar,Sí,Aumentado,7.0,7.0,8.0,9.0,9.0,7.0,8.0,9.0,
f57dcdb3d4,SUR,SUR,47.0,No se indica,Hogar,Sí,Aumentado,8.0,8.0,7.0,8.0,8.0,6.0,7.0,8.0,
81a76ef6c7,CENTRO,CENTRO,44.0,Mujer,Otros,Sí,Las mismas que antes,10.0,5.0,6.0,6.0,8.0,8.0,4.0,8.0,"Falta la opción de juguetes sexuales, como no había puse otros."
959f860c18,CENTRO,CENTRO,58.0,Mujer,Alimentación,Sí,Aumentado,6.0,6.0,7.0,8.0,7.0,6.0,7.0,6.0,
8e9bb89aa5,CENTRO,CENTRO,58.0,Hombre,Alimentación,Sí,Aumentado,6.0,5.0,5.0,6.0,7.0,6.0,8.0,8.0,
d5be162bb2,CENTRO,CENTRO,48.0,Hombre,Tecnología,Sí,Aumentado,9.0,8.0,7.0,7.0,6.0,8.0,7.0,8.0,
f63cda6909,OESTE,OESTE,47.0,Mujer,Salud,No,Las mismas que antes,8.0,8.0,8.0,8.0,8.0,8.0,8.0,8.0,
a179f0a224,OESTE,OESTE,40.0,Hombre,Hogar,Sí,Aumentado,9.0,8.0,7.0,9.0,9.0,9.0,6.0,8.0,Posibilidad de compra online.
e961fbd378,RURAL,OESTE,52.0,Mujer,Alimentación,No,Las mismas que antes,5.0,6.0,6.0,7.0,7.0,7.0,5.0,7.0,
ab25e566ec,CENTRO,CENTRO,46.0,Mujer,Hogar,Sí,Aumentado,6.0,6.0,6.0,5.0,7.0,6.0,5.0,6.0,
0c4c83fd22,CENTRO,CENTRO,49.0,Mujer,Tecnología,Sí,Aumentado,8.0,10.0,8.0,10.0,10.0,7.0,9.0,9.0,
7d8c4a8629,EL LLANO,EL LLANO,44.0,Mujer,Moda,No,Las mismas que antes,10.0,10.0,10.0,10.0,10.0,10.0,7.0,10.0,
07fe093616,EL LLANO,EL LLANO,26.0,Mujer,Moda,Sí,Aumentado,6.0,7.0,7.0,8.0,8.0,6.0,6.0,7.0,
d47e2917f5,OESTE,OESTE,40.0,Mujer,Hogar,Sí,Disminuido,10.0,6.0,6.0,9.0,9.0,5.0,5.0,6.0,
c29f840914,CENTRO,CENTRO,55.0,No se indica,Alimentación,Sí,Aumentado,5.0,6.0,6.0,6.0,6.0,7.0,5.0,7.0,
3cac463461,EL LLANO,EL LLANO,25.0,Mujer,Moda,Sí,Aumentado,6.0,7.0,6.0,7.0,8.0,7.0,6.0,7.0,
e277767a9b,EL LLANO,EL LLANO,24.0,Mujer,Moda,Sí,Aumentado,6.0,7.0,6.0,8.0,8.0,7.0,5.0,8.0,
3cfc4ace5e,SUR,SUR,47.0,Hombre,Hogar,No,Las mismas que antes,8.0,7.0,7.0,6.0,7.0,7.0,5.0,7.0,
3dd2468521,ESTE,ESTE,33.0,Mujer,Alimentación,Sí,Aumentado,7.0,7.0,7.0,8.0,8.0,6.0,6.0,7.0,
94c6b25c31,CENTRO,CENTRO,52.0,Hombre,Ocio,Sí,Las mismas que antes,10.0,10.0,10.0,6.0,5.0,10.0,10.0,10.0,
29e5dbf300,EL LLANO,EL LLANO,31.0,Mujer,Moda,No,Las mismas que antes,6.0,7.0,7.0,8.0,9.0,8.0,9.0,9.0,
fbd7a02015,ESTE,ESTE,28.0,Mujer,Otros,No,Las mismas que antes,7.0,6.0,9.0,7.0,8.0,8.0,8.0,8.0,
6f94c163aa,SUR,EL LLANO,44.0,Hombre,Moda,No,Las mismas que antes,9.0,10.0,10.0,9.0,10.0,10.0,8.0,9.0,
af377e1e2a,EL LLANO,EL LLANO,52.0,Hombre,Alimentación,Sí,Las mismas que antes,8.0,8.0,8.0,8.0,9.0,7.0,5.0,8.0,
7d0b538ef5,ESTE,ESTE,56.0,No se indica,Alimentación,No,Las mismas que antes,8.0,8.0,9.0,9.0,9.0,8.0,8.0,8.0,
87fc0f8976,CENTRO,SUR,30.0,Hombre,Alimentación,No,Aumentado,10.0,10.0,7.0,10.0,10.0,8.0,8.0,10.0,Hay que ayudar al pequeño comercio como sea.
2d90989027,CENTRO,CENTRO,55.0,Mujer,Moda,Sí,Disminuido,10.0,10.0,8.0,10.0,10.0,8.0,8.0,9.0,
a9ab6355a0,OESTE,OESTE,47.0,Mujer,Hogar,No,Las mismas que antes,8.0,9.0,8.0,9.0,8.0,8.0,7.0,8.0,
602270fc48,EL LLANO,CENTRO,34.0,Hombre,Ocio,No,Las mismas que antes,7.0,8.0,7.0,8.0,7.0,7.0,7.0,7.0,
eeb0e191b1,EL LLANO,EL LLANO,25.0,Mujer,Moda,Sí,Aumentado,8.0,8.0,7.0,7.0,8.0,9.0,9.0,9.0,
d8a0fa6cb2,RURAL,RURAL,58.0,No se indica,Alimentación,No,Las mismas que antes,6.0,7.0,7.0,7.0,7.0,8.0,7.0,7.0,
ec80c98b05,RURAL,RURAL,56.0,No se indica,Alimentación,No,Las mismas que antes,7.0,7.0,7.0,9.0,9.0,8.0,7.0,8.0,
454c4b03d6,SUR,SUR,53.0,Mujer,Hogar,No,Las mismas que antes,10.0,8.0,6.0,7.0,7.0,8.0,3.0,10.0,"Me encanta prefiero comercio de barrio pero necesitan más apoyo en general, alquileres, impuestos...demasiada competencia en páginas web. Grandes empresas que no tienen los mismos tributos. Aplicaciones que yo NO utilizo."
3d302f6a8f,EL LLANO,EL LLANO,57.0,Mujer,Alimentación,No,Las mismas que antes,9.0,9.0,8.0,10.0,10.0,8.0,9.0,10.0,
412addfc49,EL LLANO,EL LLANO,52.0,Mujer,Moda,Sí,Disminuido,7.0,8.0,8.0,8.0,9.0,8.0,7.0,8.0,
cfd452e01f,OESTE,OESTE,37.0,No se indica,Moda,No,Las mismas que antes,8.0,8.0,7.0,7.0,8.0,7.0,6.0,7.0,
645ca378e1,EL LLANO,EL LLANO,31.0,Mujer,Moda,Sí,Aumentado,9.0,9.0,9.0,9.0,9.0,8.0,8.0,9.0,
979c12ed61,SUR,CENTRO,35.0,Mujer,Salud,Sí,Aumentado,7.0,8.0,7.0,8.0,6.0,7.0,8.0,7.0,El problema es que yo trabajo en un comercio con horario partido. Si pudiese hacer más compras las realizaría pero a veces no queda más remedio por el horario que acudir a una gran superficie.
d06fbdd06b,EL LLANO,EL LLANO,40.0,Hombre,Ocio,Sí,Las mismas que antes,6.0,8.0,8.0,9.0,8.0,8.0,8.0,8.0,
43b4d0fa59,EL LLANO,EL LLANO,45.0,Hombre,Alimentación,No,Aumentado,9.0,8.0,7.0,8.0,9.0,7.0,6.0,8.0,
b5295ac560,EL LLANO,CENTRO,63.0,Mujer,Moda,Sí,Aumentado,10.0,10.0,10.0,10.0,10.0,10.0,10.0,10.0,"Es muy importante comprar en el pequeño comercio de barrio que sea nacional, por supuesto... Jamás compro en grandes superficies, no me gusta🤷."
21024b0836,CENTRO,CENTRO,48.0,Hombre,Alimentación,Sí,Disminuido,9.0,7.0,7.0,8.0,8.0,7.0,7.0,8.0,
ee2e115c93,EL LLANO,EL LLANO,28.0,Mujer,Alimentación,No,Las mismas que antes,9.0,9.0,6.0,10.0,10.0,8.0,7.0,9.0,
adc247f6d0,CENTRO,CENTRO,37.0,Hombre,Ocio,No,Las mismas que antes,8.0,8.0,7.0,9.0,9.0,7.0,7.0,8.0,
6030f0874b,OESTE,OESTE,55.0,Mujer,Alimentación,No,Las mismas que antes,9.0,7.0,7.0,8.0,7.0,8.0,6.0,8.0,
e35bd32089,SUR,SUR,32.0,No se indica,Ocio,Sí,Aumentado,6.0,7.0,7.0,8.0,8.0,6.0,6.0,7.0,
c7618e8a95,SUR,SUR,34.0,No se indica,Hogar,Sí,Aumentado,7.0,6.0,6.0,6.0,7.0,6.0,6.0,8.0,
74dcea19ca,RURAL,RURAL,53.0,Mujer,Alimentación,Sí,Aumentado,7.0,6.0,6.0,7.0,7.0,8.0,6.0,7.0,
d429d75a36,EL LLANO,EL LLANO,56.0,Hombre,Salud,No,Las mismas que antes,9.0,9.0,8.0,9.0,9.0,8.0,9.0,8.0,
5cff308bb2,CENTRO,CENTRO,45.0,No se indica,Alimentación,No,Las mismas que antes,7.0,7.0,6.0,9.0,9.0,6.0,7.0,7.0,
e24f69db5b,EL LLANO,EL LLANO,22.0,Mujer,Alimentación,Sí,Disminuido,9.0,9.0,9.0,9.0,9.0,10.0,6.0,8.0,
5f5919b59e,EL LLANO,EL LLANO,47.0,Mujer,Alimentación,Sí,Aumentado,10.0,9.0,7.0,10.0,10.0,8.0,7.0,8.0,Reducir impuestos para que no se hunda el pequeño comercio.
5ca04398c2,ESTE,ESTE,26.0,No se indica,Regalos,Sí,Aumentado,6.0,7.0,6.0,7.0,8.0,6.0,6.0,7.0,
3cde05189b,EL LLANO,EL LLANO,29.0,Mujer,Otros,No,Las mismas que antes,10.0,10.0,10.0,10.0,10.0,8.0,8.0,9.0,"El comercio y los negocios también los componen los servicios, no se ve en la encuesta referencia a clínicas dentales, físicos, podólogos, asesorías, inmobiliarias… también son comercios que conforman los barrios y siempre quedan olvidados por no tener producto en sí. La pandemia la hemos sufrido todos."
66f8c5111d,CENTRO,CENTRO,38.0,Mujer,Moda,Sí,Aumentado,8.0,9.0,6.0,9.0,9.0,7.0,6.0,7.0,
8a62e375c1,ESTE,CENTRO,30.0,No se indica,Otros,Sí,Aumentado,6.0,8.0,7.0,6.0,7.0,6.0,6.0,6.0,
bd03f71fbd,CENTRO,CENTRO,29.0,No se indica,Otros,Sí,Aumentado,7.0,7.0,5.0,7.0,8.0,6.0,6.0,7.0,
dad8dbfeb3,ESTE,ESTE,31.0,No se indica,Alimentación,No,Las mismas que antes,5.0,6.0,5.0,6.0,6.0,5.0,6.0,6.0,
9f0b7c0210,EL LLANO,EL LLANO,56.0,Hombre,Salud,Sí,Aumentado,7.0,8.0,7.0,8.0,9.0,8.0,7.0,7.0,
7fd2bb12f7,CENTRO,CENTRO,25.0,Hombre,Ocio,No,Las mismas que antes,7.0,8.0,8.0,7.0,6.0,7.0,7.0,7.0,
5182abe634,CENTRO,CENTRO,57.0,Hombre,Tecnología,No,Disminuido,8.0,10.0,9.0,9.0,9.0,8.0,8.0,9.0,
b8ead581bd,SUR,SUR,75.0,Mujer,Alimentación,No,Las mismas que antes,7.0,8.0,5.0,7.0,8.0,8.0,6.0,9.0,
084ebc5fed,ESTE,ESTE,42.0,Mujer,Hogar,No,Las mismas que antes,6.0,7.0,5.0,8.0,8.0,7.0,5.0,8.0,"Poner ofertas, dar algún pequeño obsequio por comprar, el trato en el pequeño comercio es más cercano, más familiar."
b2d4c74037,CENTRO,CENTRO,51.0,Mujer,Otros,Sí,Aumentado,9.0,9.0,7.0,8.0,8.0,7.0,6.0,9.0,
18dec163cd,CENTRO,CENTRO,51.0,Hombre,Alimentación,Sí,Las mismas que antes,9.0,8.0,8.0,10.0,10.0,8.0,8.0,9.0,
00cc398693,RURAL,CENTRO,39.0,No se indica,Otros,No,Las mismas que antes,4.0,1.0,1.0,2.0,3.0,1.0,2.0,2.0,
d45356870c,OESTE,CENTRO,21.0,Hombre,Ocio,No,Disminuido,7.0,6.0,6.0,7.0,6.0,6.0,4.0,6.0,
2486ccf884,EL LLANO,EL LLANO,31.0,Mujer,Alimentación,Sí,Aumentado,7.0,8.0,7.0,7.0,7.0,6.0,7.0,6.0,
c6a21d47f9,EL LLANO,EL LLANO,17.0,Hombre,Tecnología,No,Las mismas que antes,8.0,7.0,9.0,7.0,7.0,6.0,7.0,8.0,
30709d9d1e,OESTE,OESTE,19.0,Hombre,Alimentación,No,Las mismas que antes,9.0,10.0,10.0,10.0,10.0,10.0,8.0,9.0,En algunos barrios los precios son más altos y en algunos más bajos dependiendo de la renta media de la gente de esos barrios.
7e17292ceb,ESTE,EL LLANO,20.0,Hombre,Alimentación,No,Las mismas que antes,5.0,7.0,7.0,6.0,8.0,7.0,6.0,7.0,
311268b248,CENTRO,CENTRO,25.0,Mujer,Ocio,Sí,Aumentado,5.0,8.0,6.0,9.0,9.0,5.0,6.0,8.0,
d8a437312f,SUR,SUR,20.0,Mujer,Ocio,Sí,Disminuido,5.0,7.0,7.0,6.0,6.0,4.0,3.0,7.0,Más visibilidad.
947775e5e5,CENTRO,CENTRO,16.0,Hombre,Otros,Sí,Disminuido,10.0,7.0,6.0,8.0,10.0,5.0,9.0,7.0,
babd771d62,SUR,SUR,18.0,Hombre,Alimentación,No,Las mismas que antes,9.0,8.0,7.0,8.0,9.0,6.0,4.0,8.0,
8d29ba50dd,ESTE,ESTE,66.0,Mujer,Alimentación,Sí,Aumentado,8.0,7.0,7.0,9.0,9.0,7.0,7.0,7.0,
9435e322d0,CENTRO,CENTRO,35.0,Mujer,Moda,Sí,Las mismas que antes,10.0,10.0,7.0,10.0,10.0,8.0,7.0,9.0,
dba751feee,CENTRO,CENTRO,44.0,No se indica,Tecnología,Sí,Las mismas que antes,8.0,8.0,7.0,8.5,9.0,8.0,7.0,8.0,No lo sé.
0520b5afc7,CENTRO,CENTRO,35.0,Mujer,Tecnología,Sí,Aumentado,8.0,9.0,7.0,9.0,9.0,7.0,7.0,8.0,
0385d09abb,OESTE,OESTE,50.0,Mujer,Alimentación,No,Disminuido,8.0,8.0,6.0,7.0,9.0,8.0,7.0,8.0,La Cercanía. En las grandes superficies hay más ofertas.
744797f572,CENTRO,CENTRO,38.0,Mujer,Ocio,Sí,Aumentado,8.0,9.0,6.0,9.0,9.0,9.0,9.0,9.0,
18884c3341,CENTRO,CENTRO,36.0,Mujer,Ocio,No,Las mismas que antes,8.0,7.0,7.0,9.0,5.0,6.0,8.0,8.0,
a1dca51d47,CENTRO,CENTRO,49.0,Mujer,Alimentación,Sí,Disminuido,10.0,10.0,6.0,10.0,10.0,5.0,5.0,9.0,El Ayuntamiento debería apoyar al pequeño comercio con ayudas al alquiler. Todo el centro de Gijón se está quedando vacío porque son unos alquileres desorbitados y así es imposible mantener un comercio y más con la situación actual.
d7709272eb,RURAL,RURAL,46.0,Mujer,Alimentación,Sí,Disminuido,1.0,7.0,3.0,9.0,8.0,5.0,4.0,5.0,
4040a59a10,CENTRO,CENTRO,26.0,Mujer,Ocio,Sí,Aumentado,10.0,9.0,8.0,10.0,10.0,7.0,8.0,9.0,
3438a4d625,SUR,CENTRO,78.0,Mujer,Tecnología,Sí,Aumentado,10.0,10.0,10.0,10.0,10.0,8.0,7.0,10.0,
c0745863e5,SUR,SUR,41.0,Mujer,Alimentación,No,Disminuido,7.0,9.0,8.0,9.0,9.0,8.0,8.0,8.0,
9097778a65,SUR,SUR,48.0,Mujer,Alimentación,Sí,Aumentado,9.0,9.0,8.0,9.0,9.0,8.0,6.0,8.0,
c1eb5f0190,SUR,SUR,59.0,Mujer,Hogar,Sí,Aumentado,10.0,9.0,8.0,10.0,10.0,6.0,8.0,8.0,"Creo que en el pequeño comercio debe haber una oferta de calidad, es lo que tiene que diferenciar, en precios es imposible competir con supermercados."
0230a9ffab,OESTE,OESTE,32.0,Mujer,Ocio,Sí,Aumentado,8.0,9.0,7.0,10.0,8.0,9.0,9.0,8.0,Darles más visibilidad. La competencia en cuanto a horarios con las grandes superficies les deja en desventaja.
7cff687112,EL LLANO,EL LLANO,31.0,Mujer,Ocio,Sí,Disminuido,9.0,8.0,7.0,9.0,9.0,9.0,9.0,8.0,
e3ed961650,ESTE,ESTE,50.0,Mujer,Alimentación,Sí,Las mismas que antes,6.0,8.0,5.0,8.0,8.0,8.0,5.0,8.0,Tenían que poner las rebajas antes que los grandes.
98e438e528,OESTE,OESTE,44.0,Mujer,Salud,Sí,Aumentado,10.0,8.0,6.0,7.0,8.0,6.0,5.0,8.0,
f645f4fb23,ESTE,ESTE,30.0,Mujer,Ocio,Sí,Disminuido,7.0,7.0,7.0,8.0,8.0,8.0,9.0,9.0,
dadc3edb06,SUR,CENTRO,40.0,Mujer,Regalos,Sí,Disminuido,10.0,10.0,7.0,10.0,10.0,10.0,10.0,10.0,¡Necesitan más apoyo!
eee1f41f57,RURAL,ESTE,41.0,Mujer,Ocio,Sí,Disminuido,3.0,7.0,5.0,8.0,7.0,8.0,8.0,7.0,
48c33dc93a,OESTE,OESTE,44.0,Hombre,Moda,Sí,Disminuido,7.0,7.0,5.0,9.0,9.0,5.0,6.0,9.0,
9956aaafec,CENTRO,OESTE,44.0,Mujer,Salud,Sí,Disminuido,8.0,8.0,7.0,7.0,7.0,5.0,5.0,6.0,
17c24cc431,OESTE,CENTRO,44.0,No se indica,Moda,Sí,Las mismas que antes,10.0,7.0,4.0,8.0,8.0,8.0,8.0,9.0,Está bien.
49ece8bde8,SUR,CENTRO,41.0,Hombre,Ocio,Sí,Disminuido,8.0,8.0,5.0,9.0,6.0,3.0,4.0,7.0,
7de3826431,CENTRO,ESTE,62.0,No se indica,Hogar,No,Las mismas que antes,10.0,10.0,8.0,10.0,10.0,8.0,8.0,9.0,
f75d205bea,OESTE,OESTE,46.0,Mujer,Ocio,No,Aumentado,9.0,9.0,8.0,9.0,10.0,9.0,8.0,8.0,"Me gusta el trato personal y los productos de cercanía En los barrios más periféricos echo en falta comercio especializado, librerías y tiendas de deporte y ropa."
b5e9ac03cc,SUR,CENTRO,25.0,Hombre,Alimentación,Sí,Aumentado,9.0,10.0,8.0,10.0,10.0,7.0,7.0,9.0,
3d14e9cbe5,CENTRO,CENTRO,65.0,Mujer,Alimentación,No,Las mismas que antes,10.0,8.0,7.0,10.0,10.0,7.0,5.0,10.0,
d189db3f41,ESTE,ESTE,34.0,Hombre,Alimentación,Sí,Aumentado,10.0,10.0,8.0,9.0,10.0,7.0,7.0,10.0,
0ca2a6f8b2,CENTRO,CENTRO,55.0,Hombre,Hogar,Sí,Aumentado,8.0,8.0,6.0,8.0,10.0,8.0,6.0,7.0,
88987ac231,ESTE,ESTE,48.0,Mujer,Moda,Sí,Disminuido,10.0,10.0,6.0,10.0,10.0,7.0,7.0,9.0,
dd8cdf04ad,SUR,SUR,45.0,Hombre,Alimentación,Sí,Disminuido,7.0,9.0,7.0,8.0,7.0,6.0,6.0,7.0,
d03a061a78,ESTE,EL LLANO,38.0,Mujer,Alimentación,Sí,Aumentado,9.0,8.0,6.0,9.0,9.0,9.0,9.0,8.0,
91f304195f,CENTRO,CENTRO,29.0,Mujer,Alimentación,Sí,Las mismas que antes,7.0,7.0,6.0,10.0,10.0,6.0,6.0,7.0,
f18f110564,SUR,CENTRO,41.0,Mujer,Ocio,Sí,Aumentado,8.0,9.0,7.0,9.0,8.0,7.0,7.0,8.0,"Debería mejorar el transporte público y la oferta de parkings municipales. Están quitando mucho aparcamiento, sin dar soluciones reales a los vecinos que viven en la zona ni a los de los barrios que bajan a comprar al centro."
6073c74030,CENTRO,OESTE,52.0,Mujer,Tecnología,Sí,Las mismas que antes,10.0,10.0,10.0,10.0,10.0,10.0,9.0,10.0,Es bueno comprar en el pequeño comercio cerca de casa.
427a605e53,OESTE,CENTRO,65.0,Mujer,Moda,Sí,Las mismas que antes,10.0,10.0,10.0,8.0,8.0,7.0,6.0,9.0,Puxa Xixón.
a50a86777f,SUR,SUR,27.0,Hombre,Moda,Sí,Disminuido,7.0,9.0,4.0,8.0,8.0,8.0,7.0,7.0,
a82ae8255b,SUR,SUR,38.0,Hombre,Salud,No,Las mismas que antes,8.0,8.0,8.0,8.0,8.0,8.0,8.0,8.0,
f80c879658,CENTRO,CENTRO,64.0,Hombre,Alimentación,No,Las mismas que antes,7.0,7.0,5.0,8.0,7.0,5.0,5.0,6.0,
9273e86af9,OESTE,CENTRO,56.0,Mujer,Tecnología,Sí,Las mismas que antes,5.0,10.0,7.0,10.0,10.0,8.0,5.0,10.0,Están todos bien porque tienes mucha variedad donde escoger lo que necesitas en todos los sectores.
394bfa48fb,CENTRO,CENTRO,40.0,Hombre,Ocio,Sí,Las mismas que antes,7.0,8.0,6.0,5.0,7.0,8.0,6.0,7.0,
1e7133cdba,CENTRO,CENTRO,63.0,Mujer,Alimentación,No,Las mismas que antes,8.0,7.0,5.0,8.0,8.0,6.0,6.0,6.0,
897ed19dcc,EL LLANO,EL LLANO,44.0,Hombre,Ocio,No,Las mismas que antes,7.0,7.0,6.0,7.0,8.0,8.0,6.0,7.0,Campañas con más regularidad en apoyo al comercio de cercanía.
4da9500f04,CENTRO,CENTRO,43.0,Hombre,Ocio,Sí,Disminuido,8.0,10.0,7.0,9.0,9.0,9.0,8.0,9.0,"El Ayuntamiento y El Principado deberían tomar medidas para potenciarlo, frente a las grandes superficies y plataformas: gravar a gigantes extractivos como Amazon, ayudas directas para alquiler y gastos mantenimiento, publicidad (hacerlos conocidos), vales de consumo, potenciar la especialización y el empleo en ellos, trabajo conjunto con bolsas de desempleo, crear marcas en torno suyo, rebajar su fiscalidad a la vez que se sube la de grandes superficies, promover ferias y encuentros con intercambio con otras ciudades, redes como Todostuslibros.com, informatización (plataformas para promover consumo desde otros lugares, etc.), medios de pago especiales (tarjeta ciudadana, puntos, etc)."
146da5ec35,OESTE,OESTE,73.0,Mujer,Moda,Sí,Disminuido,8.0,8.0,7.0,8.0,8.0,9.0,7.0,8.0,Considero que en Gijón se fomenta mucho la compra en el pequeño comercio y eso es bueno. Tenemos que animarnos a activar el consumo.
531d7c778f,ESTE,ESTE,49.0,Mujer,Alimentación,Sí,Aumentado,10.0,10.0,8.0,10.0,10.0,10.0,10.0,10.0,"Para mi siempre es mejor el pequeño comercio. Además, terminan sabiendo que es lo que te gusta, si hay algún problema siempre se responde mejor que en los grandes. Vendrían bien más ayudas para ellos."
c79e613a5c,SUR,SUR,47.0,Hombre,Ocio,No,Disminuido,6.0,10.0,8.0,10.0,10.0,8.0,7.0,9.0,
ed2d9b0543,SUR,SUR,45.0,Hombre,Otros,Sí,Aumentado,10.0,10.0,6.0,9.0,9.0,6.0,7.0,10.0,
fe4a4cf4f9,SUR,CENTRO,30.0,Mujer,Moda,Sí,Disminuido,8.0,8.0,7.0,8.0,6.0,8.0,7.0,8.0,
b5496c73e1,SUR,SUR,38.0,Mujer,Moda,No,Disminuido,10.0,9.0,7.0,8.0,10.0,8.0,5.0,8.0,
b74cc295df,SUR,EL LLANO,13.0,Mujer,Alimentación,No,Las mismas que antes,10.0,10.0,1.0,10.0,10.0,10.0,10.0,10.0,
ab0c2139f2,CENTRO,OESTE,58.0,Hombre,Alimentación,No,Las mismas que antes,3.0,5.0,4.0,8.0,8.0,6.0,7.0,7.0,Más promociones y rebajar un poco los precios.
210c518e5c,SUR,SUR,69.0,Mujer,Moda,No,Las mismas que antes,7.0,7.0,4.0,7.0,7.0,7.0,5.0,7.0,
1df9a3d3f7,SUR,SUR,41.0,Mujer,Hogar,No,Las mismas que antes,10.0,10.0,10.0,10.0,10.0,10.0,10.0,10.0,
4fdc7e4d51,OESTE,OESTE,65.0,Hombre,Alimentación,Sí,Aumentado,7.0,8.0,6.0,9.0,9.0,6.0,6.0,7.0,
712e3a848d,SUR,CENTRO,39.0,Mujer,Ocio,No,Las mismas que antes,8.0,9.0,8.0,9.0,8.0,10.0,10.0,9.0,
0d222f66c3,SUR,SUR,35.0,Mujer,Alimentación,Sí,Aumentado,8.0,9.0,5.0,8.0,10.0,5.0,5.0,8.0,"En mi barrio, Contrueces, los comerciantes de la zona se han unido para hacer un ""Barrio Comercial"" en el que cada cierto tiempo, a través de papeletas hacen sorteos y regalos por lo que animan a todo el barrio a comprar en el pequeño comercio."
7a57702918,CENTRO,CENTRO,28.0,Hombre,Ocio,No,Aumentado,9.0,9.0,9.0,9.0,9.0,8.0,8.0,9.0,
e0afd552a7,EL LLANO,EL LLANO,47.0,Hombre,Ocio,No,Las mismas que antes,8.0,9.0,8.0,9.0,9.0,8.0,8.0,8.0,
1686cfa11b,SUR,SUR,40.0,Hombre,Ocio,Sí,Aumentado,9.0,9.0,10.0,10.0,10.0,9.0,9.0,9.0,
